{"@t":"2023-10-11T12:54:52.1104527Z","@mt":"Acquiring MainDom.","SourceContext":"Umbraco.Cms.Core.Runtime.MainDom","ProcessId":15504,"ProcessName":"iisexpress","ThreadId":1,"ApplicationId":"80e86872976368d4d76a3a3000795f012fd1ac84","MachineName":"BATTLER-PC","Log4NetLevel":"INFO "}
{"@t":"2023-10-11T12:54:52.1308462Z","@mt":"Acquired MainDom.","SourceContext":"Umbraco.Cms.Core.Runtime.MainDom","ProcessId":15504,"ProcessName":"iisexpress","ThreadId":1,"ApplicationId":"80e86872976368d4d76a3a3000795f012fd1ac84","MachineName":"BATTLER-PC","Log4NetLevel":"INFO "}
{"@t":"2023-10-11T12:54:53.4692371Z","@mt":"Application started. Press Ctrl+C to shut down.","SourceContext":"Microsoft.Hosting.Lifetime","ProcessId":15504,"ProcessName":"iisexpress","ThreadId":1,"ApplicationId":"80e86872976368d4d76a3a3000795f012fd1ac84","MachineName":"BATTLER-PC","Log4NetLevel":"INFO "}
{"@t":"2023-10-11T12:54:53.4694825Z","@mt":"Hosting environment: {EnvName}","EnvName":"Development","SourceContext":"Microsoft.Hosting.Lifetime","ProcessId":15504,"ProcessName":"iisexpress","ThreadId":1,"ApplicationId":"80e86872976368d4d76a3a3000795f012fd1ac84","MachineName":"BATTLER-PC","Log4NetLevel":"INFO "}
{"@t":"2023-10-11T12:54:53.4696608Z","@mt":"Content root path: {ContentRoot}","ContentRoot":"E:\\Umbraco Test\\UmbracoMekashronApplication","SourceContext":"Microsoft.Hosting.Lifetime","ProcessId":15504,"ProcessName":"iisexpress","ThreadId":1,"ApplicationId":"80e86872976368d4d76a3a3000795f012fd1ac84","MachineName":"BATTLER-PC","Log4NetLevel":"INFO "}
{"@t":"2023-10-11T12:54:53.8963140Z","@mt":"Registered with MainDom, localContentDbExists? {LocalContentDbExists}, localMediaDbExists? {LocalMediaDbExists}","LocalContentDbExists":true,"LocalMediaDbExists":true,"SourceContext":"Umbraco.Cms.Infrastructure.PublishedCache.PublishedSnapshotService","RequestId":"8000033d-0002-fd00-b63f-84710c7967bb","RequestPath":"/","ProcessId":15504,"ProcessName":"iisexpress","ThreadId":6,"ApplicationId":"80e86872976368d4d76a3a3000795f012fd1ac84","MachineName":"BATTLER-PC","Log4NetLevel":"INFO ","HttpRequestId":"c76371ff-f2cc-4aa6-9748-c40c0cdc0189","HttpRequestNumber":1,"HttpSessionId":"0"}
{"@t":"2023-10-11T12:54:53.9001356Z","@mt":"Creating the content store, localContentDbExists? {LocalContentDbExists}","LocalContentDbExists":true,"SourceContext":"Umbraco.Cms.Infrastructure.PublishedCache.PublishedSnapshotService","RequestId":"8000033d-0002-fd00-b63f-84710c7967bb","RequestPath":"/","ProcessId":15504,"ProcessName":"iisexpress","ThreadId":6,"ApplicationId":"80e86872976368d4d76a3a3000795f012fd1ac84","MachineName":"BATTLER-PC","Log4NetLevel":"INFO ","HttpRequestId":"c76371ff-f2cc-4aa6-9748-c40c0cdc0189","HttpRequestNumber":1,"HttpSessionId":"0"}
{"@t":"2023-10-11T12:54:53.9019321Z","@mt":"Creating the media store, localMediaDbExists? {LocalMediaDbExists}","LocalMediaDbExists":true,"SourceContext":"Umbraco.Cms.Infrastructure.PublishedCache.PublishedSnapshotService","RequestId":"8000033d-0002-fd00-b63f-84710c7967bb","RequestPath":"/","ProcessId":15504,"ProcessName":"iisexpress","ThreadId":6,"ApplicationId":"80e86872976368d4d76a3a3000795f012fd1ac84","MachineName":"BATTLER-PC","Log4NetLevel":"INFO ","HttpRequestId":"c76371ff-f2cc-4aa6-9748-c40c0cdc0189","HttpRequestNumber":1,"HttpSessionId":"0"}
{"@t":"2023-10-11T12:54:54.3105846Z","@mt":"{StartMessage} [Timing {TimingId}]","StartMessage":"Loading content from local cache file","TimingId":"d3d2368","SourceContext":"Umbraco.Cms.Core.Logging.ProfilingLogger","RequestId":"8000033d-0002-fd00-b63f-84710c7967bb","RequestPath":"/","ProcessId":15504,"ProcessName":"iisexpress","ThreadId":6,"ApplicationId":"80e86872976368d4d76a3a3000795f012fd1ac84","MachineName":"BATTLER-PC","Log4NetLevel":"INFO ","HttpRequestId":"c76371ff-f2cc-4aa6-9748-c40c0cdc0189","HttpRequestNumber":1,"HttpSessionId":"0"}
{"@t":"2023-10-11T12:54:54.3377017Z","@mt":"{EndMessage} ({Duration}ms) [Timing {TimingId}]","EndMessage":"Completed.","Duration":27,"TimingId":"d3d2368","SourceContext":"Umbraco.Cms.Core.Logging.ProfilingLogger","RequestId":"8000033d-0002-fd00-b63f-84710c7967bb","RequestPath":"/","ProcessId":15504,"ProcessName":"iisexpress","ThreadId":6,"ApplicationId":"80e86872976368d4d76a3a3000795f012fd1ac84","MachineName":"BATTLER-PC","Log4NetLevel":"INFO ","HttpRequestId":"c76371ff-f2cc-4aa6-9748-c40c0cdc0189","HttpRequestNumber":1,"HttpSessionId":"0"}
{"@t":"2023-10-11T12:54:54.3477044Z","@mt":"{StartMessage} [Timing {TimingId}]","StartMessage":"Loading media from local cache file","TimingId":"ee412a1","SourceContext":"Umbraco.Cms.Core.Logging.ProfilingLogger","RequestId":"8000033d-0002-fd00-b63f-84710c7967bb","RequestPath":"/","ProcessId":15504,"ProcessName":"iisexpress","ThreadId":6,"ApplicationId":"80e86872976368d4d76a3a3000795f012fd1ac84","MachineName":"BATTLER-PC","Log4NetLevel":"INFO ","HttpRequestId":"c76371ff-f2cc-4aa6-9748-c40c0cdc0189","HttpRequestNumber":1,"HttpSessionId":"0"}
{"@t":"2023-10-11T12:54:54.3487732Z","@mt":"Tried to load {entityType} from the local cache file but it was empty.","entityType":"media","SourceContext":"Umbraco.Cms.Infrastructure.PublishedCache.PublishedSnapshotService","RequestId":"8000033d-0002-fd00-b63f-84710c7967bb","RequestPath":"/","ProcessId":15504,"ProcessName":"iisexpress","ThreadId":6,"ApplicationId":"80e86872976368d4d76a3a3000795f012fd1ac84","MachineName":"BATTLER-PC","Log4NetLevel":"INFO ","HttpRequestId":"c76371ff-f2cc-4aa6-9748-c40c0cdc0189","HttpRequestNumber":1,"HttpSessionId":"0"}
{"@t":"2023-10-11T12:54:54.3489698Z","@mt":"{EndMessage} ({Duration}ms) [Timing {TimingId}]","EndMessage":"Completed.","Duration":1,"TimingId":"ee412a1","SourceContext":"Umbraco.Cms.Core.Logging.ProfilingLogger","RequestId":"8000033d-0002-fd00-b63f-84710c7967bb","RequestPath":"/","ProcessId":15504,"ProcessName":"iisexpress","ThreadId":6,"ApplicationId":"80e86872976368d4d76a3a3000795f012fd1ac84","MachineName":"BATTLER-PC","Log4NetLevel":"INFO ","HttpRequestId":"c76371ff-f2cc-4aa6-9748-c40c0cdc0189","HttpRequestNumber":1,"HttpSessionId":"0"}
{"@t":"2023-10-11T12:54:54.3494931Z","@mt":"Loading media from local db raised warnings, will reload from database.","@l":"Warning","SourceContext":"Umbraco.Cms.Infrastructure.PublishedCache.PublishedSnapshotService","RequestId":"8000033d-0002-fd00-b63f-84710c7967bb","RequestPath":"/","ProcessId":15504,"ProcessName":"iisexpress","ThreadId":6,"ApplicationId":"80e86872976368d4d76a3a3000795f012fd1ac84","MachineName":"BATTLER-PC","Log4NetLevel":"WARN ","HttpRequestId":"c76371ff-f2cc-4aa6-9748-c40c0cdc0189","HttpRequestNumber":1,"HttpSessionId":"0"}
{"@t":"2023-10-11T12:54:54.3519747Z","@mt":"{StartMessage} [Timing {TimingId}]","StartMessage":"Loading media from database","TimingId":"e198455","SourceContext":"Umbraco.Cms.Core.Logging.ProfilingLogger","RequestId":"8000033d-0002-fd00-b63f-84710c7967bb","RequestPath":"/","ProcessId":15504,"ProcessName":"iisexpress","ThreadId":6,"ApplicationId":"80e86872976368d4d76a3a3000795f012fd1ac84","MachineName":"BATTLER-PC","Log4NetLevel":"INFO ","HttpRequestId":"c76371ff-f2cc-4aa6-9748-c40c0cdc0189","HttpRequestNumber":1,"HttpSessionId":"0"}
{"@t":"2023-10-11T12:54:54.4567058Z","@mt":"{EndMessage} ({Duration}ms) [Timing {TimingId}]","EndMessage":"Completed.","Duration":104,"TimingId":"e198455","SourceContext":"Umbraco.Cms.Core.Logging.ProfilingLogger","RequestId":"8000033d-0002-fd00-b63f-84710c7967bb","RequestPath":"/","ProcessId":15504,"ProcessName":"iisexpress","ThreadId":6,"ApplicationId":"80e86872976368d4d76a3a3000795f012fd1ac84","MachineName":"BATTLER-PC","Log4NetLevel":"INFO ","HttpRequestId":"c76371ff-f2cc-4aa6-9748-c40c0cdc0189","HttpRequestNumber":1,"HttpSessionId":"0"}
{"@t":"2023-10-11T12:55:54.1097534Z","@mt":"The Delivery API is not enabled, no indexing will performed for the Delivery API content index.","SourceContext":"Umbraco.Cms.Infrastructure.Examine.DeliveryApiContentIndexPopulator","ProcessId":15504,"ProcessName":"iisexpress","ThreadId":18,"ApplicationId":"80e86872976368d4d76a3a3000795f012fd1ac84","MachineName":"BATTLER-PC","Log4NetLevel":"INFO "}
{"@t":"2023-10-11T13:17:06.1250285Z","@mt":"Acquiring MainDom.","SourceContext":"Umbraco.Cms.Core.Runtime.MainDom","ProcessId":16248,"ProcessName":"iisexpress","ThreadId":1,"ApplicationId":"80e86872976368d4d76a3a3000795f012fd1ac84","MachineName":"BATTLER-PC","Log4NetLevel":"INFO "}
{"@t":"2023-10-11T13:17:06.1441676Z","@mt":"Acquired MainDom.","SourceContext":"Umbraco.Cms.Core.Runtime.MainDom","ProcessId":16248,"ProcessName":"iisexpress","ThreadId":1,"ApplicationId":"80e86872976368d4d76a3a3000795f012fd1ac84","MachineName":"BATTLER-PC","Log4NetLevel":"INFO "}
{"@t":"2023-10-11T13:17:07.1967171Z","@mt":"Application started. Press Ctrl+C to shut down.","SourceContext":"Microsoft.Hosting.Lifetime","ProcessId":16248,"ProcessName":"iisexpress","ThreadId":1,"ApplicationId":"80e86872976368d4d76a3a3000795f012fd1ac84","MachineName":"BATTLER-PC","Log4NetLevel":"INFO "}
{"@t":"2023-10-11T13:17:07.1969188Z","@mt":"Hosting environment: {EnvName}","EnvName":"Development","SourceContext":"Microsoft.Hosting.Lifetime","ProcessId":16248,"ProcessName":"iisexpress","ThreadId":1,"ApplicationId":"80e86872976368d4d76a3a3000795f012fd1ac84","MachineName":"BATTLER-PC","Log4NetLevel":"INFO "}
{"@t":"2023-10-11T13:17:07.1970535Z","@mt":"Content root path: {ContentRoot}","ContentRoot":"E:\\Umbraco Test\\UmbracoMekashronApplication","SourceContext":"Microsoft.Hosting.Lifetime","ProcessId":16248,"ProcessName":"iisexpress","ThreadId":1,"ApplicationId":"80e86872976368d4d76a3a3000795f012fd1ac84","MachineName":"BATTLER-PC","Log4NetLevel":"INFO "}
{"@t":"2023-10-11T13:17:07.5243357Z","@mt":"Registered with MainDom, localContentDbExists? {LocalContentDbExists}, localMediaDbExists? {LocalMediaDbExists}","LocalContentDbExists":true,"LocalMediaDbExists":true,"SourceContext":"Umbraco.Cms.Infrastructure.PublishedCache.PublishedSnapshotService","RequestId":"800000eb-0000-f100-b63f-84710c7967bb","RequestPath":"/","ProcessId":16248,"ProcessName":"iisexpress","ThreadId":4,"ApplicationId":"80e86872976368d4d76a3a3000795f012fd1ac84","MachineName":"BATTLER-PC","Log4NetLevel":"INFO ","HttpRequestId":"b32515c0-e165-4e82-b38c-72c61cd1e678","HttpRequestNumber":1,"HttpSessionId":"0"}
{"@t":"2023-10-11T13:17:07.5282568Z","@mt":"Creating the content store, localContentDbExists? {LocalContentDbExists}","LocalContentDbExists":true,"SourceContext":"Umbraco.Cms.Infrastructure.PublishedCache.PublishedSnapshotService","RequestId":"800000eb-0000-f100-b63f-84710c7967bb","RequestPath":"/","ProcessId":16248,"ProcessName":"iisexpress","ThreadId":4,"ApplicationId":"80e86872976368d4d76a3a3000795f012fd1ac84","MachineName":"BATTLER-PC","Log4NetLevel":"INFO ","HttpRequestId":"b32515c0-e165-4e82-b38c-72c61cd1e678","HttpRequestNumber":1,"HttpSessionId":"0"}
{"@t":"2023-10-11T13:17:07.5300702Z","@mt":"Creating the media store, localMediaDbExists? {LocalMediaDbExists}","LocalMediaDbExists":true,"SourceContext":"Umbraco.Cms.Infrastructure.PublishedCache.PublishedSnapshotService","RequestId":"800000eb-0000-f100-b63f-84710c7967bb","RequestPath":"/","ProcessId":16248,"ProcessName":"iisexpress","ThreadId":4,"ApplicationId":"80e86872976368d4d76a3a3000795f012fd1ac84","MachineName":"BATTLER-PC","Log4NetLevel":"INFO ","HttpRequestId":"b32515c0-e165-4e82-b38c-72c61cd1e678","HttpRequestNumber":1,"HttpSessionId":"0"}
{"@t":"2023-10-11T13:17:07.8545807Z","@mt":"{StartMessage} [Timing {TimingId}]","StartMessage":"Loading content from local cache file","TimingId":"bab4682","SourceContext":"Umbraco.Cms.Core.Logging.ProfilingLogger","RequestId":"800000eb-0000-f100-b63f-84710c7967bb","RequestPath":"/","ProcessId":16248,"ProcessName":"iisexpress","ThreadId":4,"ApplicationId":"80e86872976368d4d76a3a3000795f012fd1ac84","MachineName":"BATTLER-PC","Log4NetLevel":"INFO ","HttpRequestId":"b32515c0-e165-4e82-b38c-72c61cd1e678","HttpRequestNumber":1,"HttpSessionId":"0"}
{"@t":"2023-10-11T13:17:07.8795419Z","@mt":"{EndMessage} ({Duration}ms) [Timing {TimingId}]","EndMessage":"Completed.","Duration":25,"TimingId":"bab4682","SourceContext":"Umbraco.Cms.Core.Logging.ProfilingLogger","RequestId":"800000eb-0000-f100-b63f-84710c7967bb","RequestPath":"/","ProcessId":16248,"ProcessName":"iisexpress","ThreadId":4,"ApplicationId":"80e86872976368d4d76a3a3000795f012fd1ac84","MachineName":"BATTLER-PC","Log4NetLevel":"INFO ","HttpRequestId":"b32515c0-e165-4e82-b38c-72c61cd1e678","HttpRequestNumber":1,"HttpSessionId":"0"}
{"@t":"2023-10-11T13:17:07.8862975Z","@mt":"{StartMessage} [Timing {TimingId}]","StartMessage":"Loading media from local cache file","TimingId":"c272fd3","SourceContext":"Umbraco.Cms.Core.Logging.ProfilingLogger","RequestId":"800000eb-0000-f100-b63f-84710c7967bb","RequestPath":"/","ProcessId":16248,"ProcessName":"iisexpress","ThreadId":4,"ApplicationId":"80e86872976368d4d76a3a3000795f012fd1ac84","MachineName":"BATTLER-PC","Log4NetLevel":"INFO ","HttpRequestId":"b32515c0-e165-4e82-b38c-72c61cd1e678","HttpRequestNumber":1,"HttpSessionId":"0"}
{"@t":"2023-10-11T13:17:07.8868636Z","@mt":"Tried to load {entityType} from the local cache file but it was empty.","entityType":"media","SourceContext":"Umbraco.Cms.Infrastructure.PublishedCache.PublishedSnapshotService","RequestId":"800000eb-0000-f100-b63f-84710c7967bb","RequestPath":"/","ProcessId":16248,"ProcessName":"iisexpress","ThreadId":4,"ApplicationId":"80e86872976368d4d76a3a3000795f012fd1ac84","MachineName":"BATTLER-PC","Log4NetLevel":"INFO ","HttpRequestId":"b32515c0-e165-4e82-b38c-72c61cd1e678","HttpRequestNumber":1,"HttpSessionId":"0"}
{"@t":"2023-10-11T13:17:07.8869841Z","@mt":"{EndMessage} ({Duration}ms) [Timing {TimingId}]","EndMessage":"Completed.","Duration":0,"TimingId":"c272fd3","SourceContext":"Umbraco.Cms.Core.Logging.ProfilingLogger","RequestId":"800000eb-0000-f100-b63f-84710c7967bb","RequestPath":"/","ProcessId":16248,"ProcessName":"iisexpress","ThreadId":4,"ApplicationId":"80e86872976368d4d76a3a3000795f012fd1ac84","MachineName":"BATTLER-PC","Log4NetLevel":"INFO ","HttpRequestId":"b32515c0-e165-4e82-b38c-72c61cd1e678","HttpRequestNumber":1,"HttpSessionId":"0"}
{"@t":"2023-10-11T13:17:07.8870933Z","@mt":"Loading media from local db raised warnings, will reload from database.","@l":"Warning","SourceContext":"Umbraco.Cms.Infrastructure.PublishedCache.PublishedSnapshotService","RequestId":"800000eb-0000-f100-b63f-84710c7967bb","RequestPath":"/","ProcessId":16248,"ProcessName":"iisexpress","ThreadId":4,"ApplicationId":"80e86872976368d4d76a3a3000795f012fd1ac84","MachineName":"BATTLER-PC","Log4NetLevel":"WARN ","HttpRequestId":"b32515c0-e165-4e82-b38c-72c61cd1e678","HttpRequestNumber":1,"HttpSessionId":"0"}
{"@t":"2023-10-11T13:17:07.8895564Z","@mt":"{StartMessage} [Timing {TimingId}]","StartMessage":"Loading media from database","TimingId":"7638f7d","SourceContext":"Umbraco.Cms.Core.Logging.ProfilingLogger","RequestId":"800000eb-0000-f100-b63f-84710c7967bb","RequestPath":"/","ProcessId":16248,"ProcessName":"iisexpress","ThreadId":4,"ApplicationId":"80e86872976368d4d76a3a3000795f012fd1ac84","MachineName":"BATTLER-PC","Log4NetLevel":"INFO ","HttpRequestId":"b32515c0-e165-4e82-b38c-72c61cd1e678","HttpRequestNumber":1,"HttpSessionId":"0"}
{"@t":"2023-10-11T13:17:07.9780080Z","@mt":"{EndMessage} ({Duration}ms) [Timing {TimingId}]","EndMessage":"Completed.","Duration":88,"TimingId":"7638f7d","SourceContext":"Umbraco.Cms.Core.Logging.ProfilingLogger","RequestId":"800000eb-0000-f100-b63f-84710c7967bb","RequestPath":"/","ProcessId":16248,"ProcessName":"iisexpress","ThreadId":4,"ApplicationId":"80e86872976368d4d76a3a3000795f012fd1ac84","MachineName":"BATTLER-PC","Log4NetLevel":"INFO ","HttpRequestId":"b32515c0-e165-4e82-b38c-72c61cd1e678","HttpRequestNumber":1,"HttpSessionId":"0"}
{"@t":"2023-10-11T13:18:07.5820627Z","@mt":"The Delivery API is not enabled, no indexing will performed for the Delivery API content index.","SourceContext":"Umbraco.Cms.Infrastructure.Examine.DeliveryApiContentIndexPopulator","ProcessId":16248,"ProcessName":"iisexpress","ThreadId":6,"ApplicationId":"80e86872976368d4d76a3a3000795f012fd1ac84","MachineName":"BATTLER-PC","Log4NetLevel":"INFO "}
{"@t":"2023-10-11T13:26:29.1037813Z","@mt":"Acquiring MainDom.","SourceContext":"Umbraco.Cms.Core.Runtime.MainDom","ProcessId":13644,"ProcessName":"iisexpress","ThreadId":1,"ApplicationId":"80e86872976368d4d76a3a3000795f012fd1ac84","MachineName":"BATTLER-PC","Log4NetLevel":"INFO "}
{"@t":"2023-10-11T13:26:29.1195436Z","@mt":"Acquired MainDom.","SourceContext":"Umbraco.Cms.Core.Runtime.MainDom","ProcessId":13644,"ProcessName":"iisexpress","ThreadId":1,"ApplicationId":"80e86872976368d4d76a3a3000795f012fd1ac84","MachineName":"BATTLER-PC","Log4NetLevel":"INFO "}
{"@t":"2023-10-11T13:26:30.2030316Z","@mt":"Application started. Press Ctrl+C to shut down.","SourceContext":"Microsoft.Hosting.Lifetime","ProcessId":13644,"ProcessName":"iisexpress","ThreadId":1,"ApplicationId":"80e86872976368d4d76a3a3000795f012fd1ac84","MachineName":"BATTLER-PC","Log4NetLevel":"INFO "}
{"@t":"2023-10-11T13:26:30.2032617Z","@mt":"Hosting environment: {EnvName}","EnvName":"Development","SourceContext":"Microsoft.Hosting.Lifetime","ProcessId":13644,"ProcessName":"iisexpress","ThreadId":1,"ApplicationId":"80e86872976368d4d76a3a3000795f012fd1ac84","MachineName":"BATTLER-PC","Log4NetLevel":"INFO "}
{"@t":"2023-10-11T13:26:30.2034186Z","@mt":"Content root path: {ContentRoot}","ContentRoot":"E:\\Umbraco Test\\UmbracoMekashronApplication","SourceContext":"Microsoft.Hosting.Lifetime","ProcessId":13644,"ProcessName":"iisexpress","ThreadId":1,"ApplicationId":"80e86872976368d4d76a3a3000795f012fd1ac84","MachineName":"BATTLER-PC","Log4NetLevel":"INFO "}
{"@t":"2023-10-11T13:26:30.5675384Z","@mt":"Registered with MainDom, localContentDbExists? {LocalContentDbExists}, localMediaDbExists? {LocalMediaDbExists}","LocalContentDbExists":true,"LocalMediaDbExists":true,"SourceContext":"Umbraco.Cms.Infrastructure.PublishedCache.PublishedSnapshotService","RequestId":"8000001c-0001-f400-b63f-84710c7967bb","RequestPath":"/","ProcessId":13644,"ProcessName":"iisexpress","ThreadId":6,"ApplicationId":"80e86872976368d4d76a3a3000795f012fd1ac84","MachineName":"BATTLER-PC","Log4NetLevel":"INFO ","HttpRequestId":"3a1bd7fb-736a-4f6e-84e2-7fbbe3ac7d76","HttpRequestNumber":1,"HttpSessionId":"0"}
{"@t":"2023-10-11T13:26:30.5706872Z","@mt":"Creating the content store, localContentDbExists? {LocalContentDbExists}","LocalContentDbExists":true,"SourceContext":"Umbraco.Cms.Infrastructure.PublishedCache.PublishedSnapshotService","RequestId":"8000001c-0001-f400-b63f-84710c7967bb","RequestPath":"/","ProcessId":13644,"ProcessName":"iisexpress","ThreadId":6,"ApplicationId":"80e86872976368d4d76a3a3000795f012fd1ac84","MachineName":"BATTLER-PC","Log4NetLevel":"INFO ","HttpRequestId":"3a1bd7fb-736a-4f6e-84e2-7fbbe3ac7d76","HttpRequestNumber":1,"HttpSessionId":"0"}
{"@t":"2023-10-11T13:26:30.5738463Z","@mt":"Creating the media store, localMediaDbExists? {LocalMediaDbExists}","LocalMediaDbExists":true,"SourceContext":"Umbraco.Cms.Infrastructure.PublishedCache.PublishedSnapshotService","RequestId":"8000001c-0001-f400-b63f-84710c7967bb","RequestPath":"/","ProcessId":13644,"ProcessName":"iisexpress","ThreadId":6,"ApplicationId":"80e86872976368d4d76a3a3000795f012fd1ac84","MachineName":"BATTLER-PC","Log4NetLevel":"INFO ","HttpRequestId":"3a1bd7fb-736a-4f6e-84e2-7fbbe3ac7d76","HttpRequestNumber":1,"HttpSessionId":"0"}
{"@t":"2023-10-11T13:26:30.9028562Z","@mt":"{StartMessage} [Timing {TimingId}]","StartMessage":"Loading content from local cache file","TimingId":"1d9d05b","SourceContext":"Umbraco.Cms.Core.Logging.ProfilingLogger","RequestId":"8000001c-0001-f400-b63f-84710c7967bb","RequestPath":"/","ProcessId":13644,"ProcessName":"iisexpress","ThreadId":6,"ApplicationId":"80e86872976368d4d76a3a3000795f012fd1ac84","MachineName":"BATTLER-PC","Log4NetLevel":"INFO ","HttpRequestId":"3a1bd7fb-736a-4f6e-84e2-7fbbe3ac7d76","HttpRequestNumber":1,"HttpSessionId":"0"}
{"@t":"2023-10-11T13:26:30.9388223Z","@mt":"{EndMessage} ({Duration}ms) [Timing {TimingId}]","EndMessage":"Completed.","Duration":36,"TimingId":"1d9d05b","SourceContext":"Umbraco.Cms.Core.Logging.ProfilingLogger","RequestId":"8000001c-0001-f400-b63f-84710c7967bb","RequestPath":"/","ProcessId":13644,"ProcessName":"iisexpress","ThreadId":6,"ApplicationId":"80e86872976368d4d76a3a3000795f012fd1ac84","MachineName":"BATTLER-PC","Log4NetLevel":"INFO ","HttpRequestId":"3a1bd7fb-736a-4f6e-84e2-7fbbe3ac7d76","HttpRequestNumber":1,"HttpSessionId":"0"}
{"@t":"2023-10-11T13:26:30.9480891Z","@mt":"{StartMessage} [Timing {TimingId}]","StartMessage":"Loading media from local cache file","TimingId":"ab48c7e","SourceContext":"Umbraco.Cms.Core.Logging.ProfilingLogger","RequestId":"8000001c-0001-f400-b63f-84710c7967bb","RequestPath":"/","ProcessId":13644,"ProcessName":"iisexpress","ThreadId":6,"ApplicationId":"80e86872976368d4d76a3a3000795f012fd1ac84","MachineName":"BATTLER-PC","Log4NetLevel":"INFO ","HttpRequestId":"3a1bd7fb-736a-4f6e-84e2-7fbbe3ac7d76","HttpRequestNumber":1,"HttpSessionId":"0"}
{"@t":"2023-10-11T13:26:30.9487053Z","@mt":"Tried to load {entityType} from the local cache file but it was empty.","entityType":"media","SourceContext":"Umbraco.Cms.Infrastructure.PublishedCache.PublishedSnapshotService","RequestId":"8000001c-0001-f400-b63f-84710c7967bb","RequestPath":"/","ProcessId":13644,"ProcessName":"iisexpress","ThreadId":6,"ApplicationId":"80e86872976368d4d76a3a3000795f012fd1ac84","MachineName":"BATTLER-PC","Log4NetLevel":"INFO ","HttpRequestId":"3a1bd7fb-736a-4f6e-84e2-7fbbe3ac7d76","HttpRequestNumber":1,"HttpSessionId":"0"}
{"@t":"2023-10-11T13:26:30.9488150Z","@mt":"{EndMessage} ({Duration}ms) [Timing {TimingId}]","EndMessage":"Completed.","Duration":0,"TimingId":"ab48c7e","SourceContext":"Umbraco.Cms.Core.Logging.ProfilingLogger","RequestId":"8000001c-0001-f400-b63f-84710c7967bb","RequestPath":"/","ProcessId":13644,"ProcessName":"iisexpress","ThreadId":6,"ApplicationId":"80e86872976368d4d76a3a3000795f012fd1ac84","MachineName":"BATTLER-PC","Log4NetLevel":"INFO ","HttpRequestId":"3a1bd7fb-736a-4f6e-84e2-7fbbe3ac7d76","HttpRequestNumber":1,"HttpSessionId":"0"}
{"@t":"2023-10-11T13:26:30.9489340Z","@mt":"Loading media from local db raised warnings, will reload from database.","@l":"Warning","SourceContext":"Umbraco.Cms.Infrastructure.PublishedCache.PublishedSnapshotService","RequestId":"8000001c-0001-f400-b63f-84710c7967bb","RequestPath":"/","ProcessId":13644,"ProcessName":"iisexpress","ThreadId":6,"ApplicationId":"80e86872976368d4d76a3a3000795f012fd1ac84","MachineName":"BATTLER-PC","Log4NetLevel":"WARN ","HttpRequestId":"3a1bd7fb-736a-4f6e-84e2-7fbbe3ac7d76","HttpRequestNumber":1,"HttpSessionId":"0"}
{"@t":"2023-10-11T13:26:30.9511995Z","@mt":"{StartMessage} [Timing {TimingId}]","StartMessage":"Loading media from database","TimingId":"6edf85a","SourceContext":"Umbraco.Cms.Core.Logging.ProfilingLogger","RequestId":"8000001c-0001-f400-b63f-84710c7967bb","RequestPath":"/","ProcessId":13644,"ProcessName":"iisexpress","ThreadId":6,"ApplicationId":"80e86872976368d4d76a3a3000795f012fd1ac84","MachineName":"BATTLER-PC","Log4NetLevel":"INFO ","HttpRequestId":"3a1bd7fb-736a-4f6e-84e2-7fbbe3ac7d76","HttpRequestNumber":1,"HttpSessionId":"0"}
{"@t":"2023-10-11T13:26:31.0462673Z","@mt":"{EndMessage} ({Duration}ms) [Timing {TimingId}]","EndMessage":"Completed.","Duration":95,"TimingId":"6edf85a","SourceContext":"Umbraco.Cms.Core.Logging.ProfilingLogger","RequestId":"8000001c-0001-f400-b63f-84710c7967bb","RequestPath":"/","ProcessId":13644,"ProcessName":"iisexpress","ThreadId":6,"ApplicationId":"80e86872976368d4d76a3a3000795f012fd1ac84","MachineName":"BATTLER-PC","Log4NetLevel":"INFO ","HttpRequestId":"3a1bd7fb-736a-4f6e-84e2-7fbbe3ac7d76","HttpRequestNumber":1,"HttpSessionId":"0"}
{"@t":"2023-10-11T13:27:30.6279700Z","@mt":"The Delivery API is not enabled, no indexing will performed for the Delivery API content index.","SourceContext":"Umbraco.Cms.Infrastructure.Examine.DeliveryApiContentIndexPopulator","ProcessId":13644,"ProcessName":"iisexpress","ThreadId":4,"ApplicationId":"80e86872976368d4d76a3a3000795f012fd1ac84","MachineName":"BATTLER-PC","Log4NetLevel":"INFO "}
{"@t":"2023-10-11T13:55:13.7195953Z","@mt":"Acquiring MainDom.","SourceContext":"Umbraco.Cms.Core.Runtime.MainDom","ProcessId":2424,"ProcessName":"iisexpress","ThreadId":1,"ApplicationId":"80e86872976368d4d76a3a3000795f012fd1ac84","MachineName":"BATTLER-PC","Log4NetLevel":"INFO "}
{"@t":"2023-10-11T13:55:13.7375699Z","@mt":"Acquired MainDom.","SourceContext":"Umbraco.Cms.Core.Runtime.MainDom","ProcessId":2424,"ProcessName":"iisexpress","ThreadId":1,"ApplicationId":"80e86872976368d4d76a3a3000795f012fd1ac84","MachineName":"BATTLER-PC","Log4NetLevel":"INFO "}
{"@t":"2023-10-11T13:55:14.7920583Z","@mt":"Application started. Press Ctrl+C to shut down.","SourceContext":"Microsoft.Hosting.Lifetime","ProcessId":2424,"ProcessName":"iisexpress","ThreadId":1,"ApplicationId":"80e86872976368d4d76a3a3000795f012fd1ac84","MachineName":"BATTLER-PC","Log4NetLevel":"INFO "}
{"@t":"2023-10-11T13:55:14.7925419Z","@mt":"Hosting environment: {EnvName}","EnvName":"Development","SourceContext":"Microsoft.Hosting.Lifetime","ProcessId":2424,"ProcessName":"iisexpress","ThreadId":1,"ApplicationId":"80e86872976368d4d76a3a3000795f012fd1ac84","MachineName":"BATTLER-PC","Log4NetLevel":"INFO "}
{"@t":"2023-10-11T13:55:14.7927518Z","@mt":"Content root path: {ContentRoot}","ContentRoot":"E:\\Umbraco Test\\UmbracoMekashronApplication","SourceContext":"Microsoft.Hosting.Lifetime","ProcessId":2424,"ProcessName":"iisexpress","ThreadId":1,"ApplicationId":"80e86872976368d4d76a3a3000795f012fd1ac84","MachineName":"BATTLER-PC","Log4NetLevel":"INFO "}
{"@t":"2023-10-11T13:55:15.2345979Z","@mt":"Registered with MainDom, localContentDbExists? {LocalContentDbExists}, localMediaDbExists? {LocalMediaDbExists}","LocalContentDbExists":true,"LocalMediaDbExists":true,"SourceContext":"Umbraco.Cms.Infrastructure.PublishedCache.PublishedSnapshotService","RequestId":"80000057-0002-f500-b63f-84710c7967bb","RequestPath":"/","ProcessId":2424,"ProcessName":"iisexpress","ThreadId":4,"ApplicationId":"80e86872976368d4d76a3a3000795f012fd1ac84","MachineName":"BATTLER-PC","Log4NetLevel":"INFO ","HttpRequestId":"6152aba6-15c5-4f0b-9126-488a5d7da1a2","HttpRequestNumber":1,"HttpSessionId":"0"}
{"@t":"2023-10-11T13:55:15.2389674Z","@mt":"Creating the content store, localContentDbExists? {LocalContentDbExists}","LocalContentDbExists":true,"SourceContext":"Umbraco.Cms.Infrastructure.PublishedCache.PublishedSnapshotService","RequestId":"80000057-0002-f500-b63f-84710c7967bb","RequestPath":"/","ProcessId":2424,"ProcessName":"iisexpress","ThreadId":4,"ApplicationId":"80e86872976368d4d76a3a3000795f012fd1ac84","MachineName":"BATTLER-PC","Log4NetLevel":"INFO ","HttpRequestId":"6152aba6-15c5-4f0b-9126-488a5d7da1a2","HttpRequestNumber":1,"HttpSessionId":"0"}
{"@t":"2023-10-11T13:55:15.2415929Z","@mt":"Creating the media store, localMediaDbExists? {LocalMediaDbExists}","LocalMediaDbExists":true,"SourceContext":"Umbraco.Cms.Infrastructure.PublishedCache.PublishedSnapshotService","RequestId":"80000057-0002-f500-b63f-84710c7967bb","RequestPath":"/","ProcessId":2424,"ProcessName":"iisexpress","ThreadId":4,"ApplicationId":"80e86872976368d4d76a3a3000795f012fd1ac84","MachineName":"BATTLER-PC","Log4NetLevel":"INFO ","HttpRequestId":"6152aba6-15c5-4f0b-9126-488a5d7da1a2","HttpRequestNumber":1,"HttpSessionId":"0"}
{"@t":"2023-10-11T13:55:15.6461569Z","@mt":"{StartMessage} [Timing {TimingId}]","StartMessage":"Loading content from local cache file","TimingId":"fe76107","SourceContext":"Umbraco.Cms.Core.Logging.ProfilingLogger","RequestId":"80000057-0002-f500-b63f-84710c7967bb","RequestPath":"/","ProcessId":2424,"ProcessName":"iisexpress","ThreadId":4,"ApplicationId":"80e86872976368d4d76a3a3000795f012fd1ac84","MachineName":"BATTLER-PC","Log4NetLevel":"INFO ","HttpRequestId":"6152aba6-15c5-4f0b-9126-488a5d7da1a2","HttpRequestNumber":1,"HttpSessionId":"0"}
{"@t":"2023-10-11T13:55:15.6813435Z","@mt":"{EndMessage} ({Duration}ms) [Timing {TimingId}]","EndMessage":"Completed.","Duration":35,"TimingId":"fe76107","SourceContext":"Umbraco.Cms.Core.Logging.ProfilingLogger","RequestId":"80000057-0002-f500-b63f-84710c7967bb","RequestPath":"/","ProcessId":2424,"ProcessName":"iisexpress","ThreadId":4,"ApplicationId":"80e86872976368d4d76a3a3000795f012fd1ac84","MachineName":"BATTLER-PC","Log4NetLevel":"INFO ","HttpRequestId":"6152aba6-15c5-4f0b-9126-488a5d7da1a2","HttpRequestNumber":1,"HttpSessionId":"0"}
{"@t":"2023-10-11T13:55:15.6903108Z","@mt":"{StartMessage} [Timing {TimingId}]","StartMessage":"Loading media from local cache file","TimingId":"77657a5","SourceContext":"Umbraco.Cms.Core.Logging.ProfilingLogger","RequestId":"80000057-0002-f500-b63f-84710c7967bb","RequestPath":"/","ProcessId":2424,"ProcessName":"iisexpress","ThreadId":4,"ApplicationId":"80e86872976368d4d76a3a3000795f012fd1ac84","MachineName":"BATTLER-PC","Log4NetLevel":"INFO ","HttpRequestId":"6152aba6-15c5-4f0b-9126-488a5d7da1a2","HttpRequestNumber":1,"HttpSessionId":"0"}
{"@t":"2023-10-11T13:55:15.6911986Z","@mt":"Tried to load {entityType} from the local cache file but it was empty.","entityType":"media","SourceContext":"Umbraco.Cms.Infrastructure.PublishedCache.PublishedSnapshotService","RequestId":"80000057-0002-f500-b63f-84710c7967bb","RequestPath":"/","ProcessId":2424,"ProcessName":"iisexpress","ThreadId":4,"ApplicationId":"80e86872976368d4d76a3a3000795f012fd1ac84","MachineName":"BATTLER-PC","Log4NetLevel":"INFO ","HttpRequestId":"6152aba6-15c5-4f0b-9126-488a5d7da1a2","HttpRequestNumber":1,"HttpSessionId":"0"}
{"@t":"2023-10-11T13:55:15.6913974Z","@mt":"{EndMessage} ({Duration}ms) [Timing {TimingId}]","EndMessage":"Completed.","Duration":1,"TimingId":"77657a5","SourceContext":"Umbraco.Cms.Core.Logging.ProfilingLogger","RequestId":"80000057-0002-f500-b63f-84710c7967bb","RequestPath":"/","ProcessId":2424,"ProcessName":"iisexpress","ThreadId":4,"ApplicationId":"80e86872976368d4d76a3a3000795f012fd1ac84","MachineName":"BATTLER-PC","Log4NetLevel":"INFO ","HttpRequestId":"6152aba6-15c5-4f0b-9126-488a5d7da1a2","HttpRequestNumber":1,"HttpSessionId":"0"}
{"@t":"2023-10-11T13:55:15.6916856Z","@mt":"Loading media from local db raised warnings, will reload from database.","@l":"Warning","SourceContext":"Umbraco.Cms.Infrastructure.PublishedCache.PublishedSnapshotService","RequestId":"80000057-0002-f500-b63f-84710c7967bb","RequestPath":"/","ProcessId":2424,"ProcessName":"iisexpress","ThreadId":4,"ApplicationId":"80e86872976368d4d76a3a3000795f012fd1ac84","MachineName":"BATTLER-PC","Log4NetLevel":"WARN ","HttpRequestId":"6152aba6-15c5-4f0b-9126-488a5d7da1a2","HttpRequestNumber":1,"HttpSessionId":"0"}
{"@t":"2023-10-11T13:55:15.6941658Z","@mt":"{StartMessage} [Timing {TimingId}]","StartMessage":"Loading media from database","TimingId":"35cea60","SourceContext":"Umbraco.Cms.Core.Logging.ProfilingLogger","RequestId":"80000057-0002-f500-b63f-84710c7967bb","RequestPath":"/","ProcessId":2424,"ProcessName":"iisexpress","ThreadId":4,"ApplicationId":"80e86872976368d4d76a3a3000795f012fd1ac84","MachineName":"BATTLER-PC","Log4NetLevel":"INFO ","HttpRequestId":"6152aba6-15c5-4f0b-9126-488a5d7da1a2","HttpRequestNumber":1,"HttpSessionId":"0"}
{"@t":"2023-10-11T13:55:15.7925689Z","@mt":"{EndMessage} ({Duration}ms) [Timing {TimingId}]","EndMessage":"Completed.","Duration":98,"TimingId":"35cea60","SourceContext":"Umbraco.Cms.Core.Logging.ProfilingLogger","RequestId":"80000057-0002-f500-b63f-84710c7967bb","RequestPath":"/","ProcessId":2424,"ProcessName":"iisexpress","ThreadId":4,"ApplicationId":"80e86872976368d4d76a3a3000795f012fd1ac84","MachineName":"BATTLER-PC","Log4NetLevel":"INFO ","HttpRequestId":"6152aba6-15c5-4f0b-9126-488a5d7da1a2","HttpRequestNumber":1,"HttpSessionId":"0"}
{"@t":"2023-10-11T13:56:15.2314274Z","@mt":"The Delivery API is not enabled, no indexing will performed for the Delivery API content index.","SourceContext":"Umbraco.Cms.Infrastructure.Examine.DeliveryApiContentIndexPopulator","ProcessId":2424,"ProcessName":"iisexpress","ThreadId":6,"ApplicationId":"80e86872976368d4d76a3a3000795f012fd1ac84","MachineName":"BATTLER-PC","Log4NetLevel":"INFO "}
{"@t":"2023-10-11T13:58:23.6416843Z","@mt":"Acquiring MainDom.","SourceContext":"Umbraco.Cms.Core.Runtime.MainDom","ProcessId":18408,"ProcessName":"iisexpress","ThreadId":1,"ApplicationId":"80e86872976368d4d76a3a3000795f012fd1ac84","MachineName":"BATTLER-PC","Log4NetLevel":"INFO "}
{"@t":"2023-10-11T13:58:23.6603358Z","@mt":"Acquired MainDom.","SourceContext":"Umbraco.Cms.Core.Runtime.MainDom","ProcessId":18408,"ProcessName":"iisexpress","ThreadId":1,"ApplicationId":"80e86872976368d4d76a3a3000795f012fd1ac84","MachineName":"BATTLER-PC","Log4NetLevel":"INFO "}
{"@t":"2023-10-11T13:58:24.7275872Z","@mt":"Application started. Press Ctrl+C to shut down.","SourceContext":"Microsoft.Hosting.Lifetime","ProcessId":18408,"ProcessName":"iisexpress","ThreadId":1,"ApplicationId":"80e86872976368d4d76a3a3000795f012fd1ac84","MachineName":"BATTLER-PC","Log4NetLevel":"INFO "}
{"@t":"2023-10-11T13:58:24.7277889Z","@mt":"Hosting environment: {EnvName}","EnvName":"Development","SourceContext":"Microsoft.Hosting.Lifetime","ProcessId":18408,"ProcessName":"iisexpress","ThreadId":1,"ApplicationId":"80e86872976368d4d76a3a3000795f012fd1ac84","MachineName":"BATTLER-PC","Log4NetLevel":"INFO "}
{"@t":"2023-10-11T13:58:24.7281220Z","@mt":"Content root path: {ContentRoot}","ContentRoot":"E:\\Umbraco Test\\UmbracoMekashronApplication","SourceContext":"Microsoft.Hosting.Lifetime","ProcessId":18408,"ProcessName":"iisexpress","ThreadId":1,"ApplicationId":"80e86872976368d4d76a3a3000795f012fd1ac84","MachineName":"BATTLER-PC","Log4NetLevel":"INFO "}
{"@t":"2023-10-11T13:58:25.0907504Z","@mt":"Registered with MainDom, localContentDbExists? {LocalContentDbExists}, localMediaDbExists? {LocalMediaDbExists}","LocalContentDbExists":true,"LocalMediaDbExists":true,"SourceContext":"Umbraco.Cms.Infrastructure.PublishedCache.PublishedSnapshotService","RequestId":"8000013c-0000-ea00-b63f-84710c7967bb","RequestPath":"/","ProcessId":18408,"ProcessName":"iisexpress","ThreadId":9,"ApplicationId":"80e86872976368d4d76a3a3000795f012fd1ac84","MachineName":"BATTLER-PC","Log4NetLevel":"INFO ","HttpRequestId":"860366ec-8076-4d28-981b-021c0d6361b2","HttpRequestNumber":1,"HttpSessionId":"0"}
{"@t":"2023-10-11T13:58:25.0984467Z","@mt":"Creating the content store, localContentDbExists? {LocalContentDbExists}","LocalContentDbExists":true,"SourceContext":"Umbraco.Cms.Infrastructure.PublishedCache.PublishedSnapshotService","RequestId":"8000013c-0000-ea00-b63f-84710c7967bb","RequestPath":"/","ProcessId":18408,"ProcessName":"iisexpress","ThreadId":9,"ApplicationId":"80e86872976368d4d76a3a3000795f012fd1ac84","MachineName":"BATTLER-PC","Log4NetLevel":"INFO ","HttpRequestId":"860366ec-8076-4d28-981b-021c0d6361b2","HttpRequestNumber":1,"HttpSessionId":"0"}
{"@t":"2023-10-11T13:58:25.1016432Z","@mt":"Creating the media store, localMediaDbExists? {LocalMediaDbExists}","LocalMediaDbExists":true,"SourceContext":"Umbraco.Cms.Infrastructure.PublishedCache.PublishedSnapshotService","RequestId":"8000013c-0000-ea00-b63f-84710c7967bb","RequestPath":"/","ProcessId":18408,"ProcessName":"iisexpress","ThreadId":9,"ApplicationId":"80e86872976368d4d76a3a3000795f012fd1ac84","MachineName":"BATTLER-PC","Log4NetLevel":"INFO ","HttpRequestId":"860366ec-8076-4d28-981b-021c0d6361b2","HttpRequestNumber":1,"HttpSessionId":"0"}
{"@t":"2023-10-11T13:58:25.4051214Z","@mt":"{StartMessage} [Timing {TimingId}]","StartMessage":"Loading content from local cache file","TimingId":"565ccd3","SourceContext":"Umbraco.Cms.Core.Logging.ProfilingLogger","RequestId":"8000013c-0000-ea00-b63f-84710c7967bb","RequestPath":"/","ProcessId":18408,"ProcessName":"iisexpress","ThreadId":9,"ApplicationId":"80e86872976368d4d76a3a3000795f012fd1ac84","MachineName":"BATTLER-PC","Log4NetLevel":"INFO ","HttpRequestId":"860366ec-8076-4d28-981b-021c0d6361b2","HttpRequestNumber":1,"HttpSessionId":"0"}
{"@t":"2023-10-11T13:58:25.4434932Z","@mt":"{EndMessage} ({Duration}ms) [Timing {TimingId}]","EndMessage":"Completed.","Duration":38,"TimingId":"565ccd3","SourceContext":"Umbraco.Cms.Core.Logging.ProfilingLogger","RequestId":"8000013c-0000-ea00-b63f-84710c7967bb","RequestPath":"/","ProcessId":18408,"ProcessName":"iisexpress","ThreadId":9,"ApplicationId":"80e86872976368d4d76a3a3000795f012fd1ac84","MachineName":"BATTLER-PC","Log4NetLevel":"INFO ","HttpRequestId":"860366ec-8076-4d28-981b-021c0d6361b2","HttpRequestNumber":1,"HttpSessionId":"0"}
{"@t":"2023-10-11T13:58:25.4560616Z","@mt":"{StartMessage} [Timing {TimingId}]","StartMessage":"Loading media from local cache file","TimingId":"6ce1a91","SourceContext":"Umbraco.Cms.Core.Logging.ProfilingLogger","RequestId":"8000013c-0000-ea00-b63f-84710c7967bb","RequestPath":"/","ProcessId":18408,"ProcessName":"iisexpress","ThreadId":9,"ApplicationId":"80e86872976368d4d76a3a3000795f012fd1ac84","MachineName":"BATTLER-PC","Log4NetLevel":"INFO ","HttpRequestId":"860366ec-8076-4d28-981b-021c0d6361b2","HttpRequestNumber":1,"HttpSessionId":"0"}
{"@t":"2023-10-11T13:58:25.4573461Z","@mt":"Tried to load {entityType} from the local cache file but it was empty.","entityType":"media","SourceContext":"Umbraco.Cms.Infrastructure.PublishedCache.PublishedSnapshotService","RequestId":"8000013c-0000-ea00-b63f-84710c7967bb","RequestPath":"/","ProcessId":18408,"ProcessName":"iisexpress","ThreadId":9,"ApplicationId":"80e86872976368d4d76a3a3000795f012fd1ac84","MachineName":"BATTLER-PC","Log4NetLevel":"INFO ","HttpRequestId":"860366ec-8076-4d28-981b-021c0d6361b2","HttpRequestNumber":1,"HttpSessionId":"0"}
{"@t":"2023-10-11T13:58:25.4574928Z","@mt":"{EndMessage} ({Duration}ms) [Timing {TimingId}]","EndMessage":"Completed.","Duration":1,"TimingId":"6ce1a91","SourceContext":"Umbraco.Cms.Core.Logging.ProfilingLogger","RequestId":"8000013c-0000-ea00-b63f-84710c7967bb","RequestPath":"/","ProcessId":18408,"ProcessName":"iisexpress","ThreadId":9,"ApplicationId":"80e86872976368d4d76a3a3000795f012fd1ac84","MachineName":"BATTLER-PC","Log4NetLevel":"INFO ","HttpRequestId":"860366ec-8076-4d28-981b-021c0d6361b2","HttpRequestNumber":1,"HttpSessionId":"0"}
{"@t":"2023-10-11T13:58:25.4576289Z","@mt":"Loading media from local db raised warnings, will reload from database.","@l":"Warning","SourceContext":"Umbraco.Cms.Infrastructure.PublishedCache.PublishedSnapshotService","RequestId":"8000013c-0000-ea00-b63f-84710c7967bb","RequestPath":"/","ProcessId":18408,"ProcessName":"iisexpress","ThreadId":9,"ApplicationId":"80e86872976368d4d76a3a3000795f012fd1ac84","MachineName":"BATTLER-PC","Log4NetLevel":"WARN ","HttpRequestId":"860366ec-8076-4d28-981b-021c0d6361b2","HttpRequestNumber":1,"HttpSessionId":"0"}
{"@t":"2023-10-11T13:58:25.4615835Z","@mt":"{StartMessage} [Timing {TimingId}]","StartMessage":"Loading media from database","TimingId":"75ca95e","SourceContext":"Umbraco.Cms.Core.Logging.ProfilingLogger","RequestId":"8000013c-0000-ea00-b63f-84710c7967bb","RequestPath":"/","ProcessId":18408,"ProcessName":"iisexpress","ThreadId":9,"ApplicationId":"80e86872976368d4d76a3a3000795f012fd1ac84","MachineName":"BATTLER-PC","Log4NetLevel":"INFO ","HttpRequestId":"860366ec-8076-4d28-981b-021c0d6361b2","HttpRequestNumber":1,"HttpSessionId":"0"}
{"@t":"2023-10-11T13:58:25.5611050Z","@mt":"{EndMessage} ({Duration}ms) [Timing {TimingId}]","EndMessage":"Completed.","Duration":99,"TimingId":"75ca95e","SourceContext":"Umbraco.Cms.Core.Logging.ProfilingLogger","RequestId":"8000013c-0000-ea00-b63f-84710c7967bb","RequestPath":"/","ProcessId":18408,"ProcessName":"iisexpress","ThreadId":9,"ApplicationId":"80e86872976368d4d76a3a3000795f012fd1ac84","MachineName":"BATTLER-PC","Log4NetLevel":"INFO ","HttpRequestId":"860366ec-8076-4d28-981b-021c0d6361b2","HttpRequestNumber":1,"HttpSessionId":"0"}
{"@t":"2023-10-11T13:59:25.1158772Z","@mt":"The Delivery API is not enabled, no indexing will performed for the Delivery API content index.","SourceContext":"Umbraco.Cms.Infrastructure.Examine.DeliveryApiContentIndexPopulator","ProcessId":18408,"ProcessName":"iisexpress","ThreadId":6,"ApplicationId":"80e86872976368d4d76a3a3000795f012fd1ac84","MachineName":"BATTLER-PC","Log4NetLevel":"INFO "}
{"@t":"2023-10-11T19:18:31.9736310Z","@mt":"Acquiring MainDom.","SourceContext":"Umbraco.Cms.Core.Runtime.MainDom","ProcessId":13636,"ProcessName":"iisexpress","ThreadId":1,"ApplicationId":"80e86872976368d4d76a3a3000795f012fd1ac84","MachineName":"BATTLER-PC","Log4NetLevel":"INFO "}
{"@t":"2023-10-11T19:18:32.0037790Z","@mt":"Acquired MainDom.","SourceContext":"Umbraco.Cms.Core.Runtime.MainDom","ProcessId":13636,"ProcessName":"iisexpress","ThreadId":1,"ApplicationId":"80e86872976368d4d76a3a3000795f012fd1ac84","MachineName":"BATTLER-PC","Log4NetLevel":"INFO "}
{"@t":"2023-10-11T19:18:33.6616912Z","@mt":"Application started. Press Ctrl+C to shut down.","SourceContext":"Microsoft.Hosting.Lifetime","ProcessId":13636,"ProcessName":"iisexpress","ThreadId":1,"ApplicationId":"80e86872976368d4d76a3a3000795f012fd1ac84","MachineName":"BATTLER-PC","Log4NetLevel":"INFO "}
{"@t":"2023-10-11T19:18:33.6619050Z","@mt":"Hosting environment: {EnvName}","EnvName":"Development","SourceContext":"Microsoft.Hosting.Lifetime","ProcessId":13636,"ProcessName":"iisexpress","ThreadId":1,"ApplicationId":"80e86872976368d4d76a3a3000795f012fd1ac84","MachineName":"BATTLER-PC","Log4NetLevel":"INFO "}
{"@t":"2023-10-11T19:18:33.6620625Z","@mt":"Content root path: {ContentRoot}","ContentRoot":"E:\\Umbraco Test\\UmbracoMekashronApplication","SourceContext":"Microsoft.Hosting.Lifetime","ProcessId":13636,"ProcessName":"iisexpress","ThreadId":1,"ApplicationId":"80e86872976368d4d76a3a3000795f012fd1ac84","MachineName":"BATTLER-PC","Log4NetLevel":"INFO "}
{"@t":"2023-10-11T19:18:34.1754627Z","@mt":"Registered with MainDom, localContentDbExists? {LocalContentDbExists}, localMediaDbExists? {LocalMediaDbExists}","LocalContentDbExists":true,"LocalMediaDbExists":true,"SourceContext":"Umbraco.Cms.Infrastructure.PublishedCache.PublishedSnapshotService","RequestId":"80000074-0001-fc00-b63f-84710c7967bb","RequestPath":"/","ProcessId":13636,"ProcessName":"iisexpress","ThreadId":6,"ApplicationId":"80e86872976368d4d76a3a3000795f012fd1ac84","MachineName":"BATTLER-PC","Log4NetLevel":"INFO ","HttpRequestId":"e30fbe40-5891-46ae-a08c-860e2d6d81ff","HttpRequestNumber":1,"HttpSessionId":"0"}
{"@t":"2023-10-11T19:18:34.1818974Z","@mt":"Creating the content store, localContentDbExists? {LocalContentDbExists}","LocalContentDbExists":true,"SourceContext":"Umbraco.Cms.Infrastructure.PublishedCache.PublishedSnapshotService","RequestId":"80000074-0001-fc00-b63f-84710c7967bb","RequestPath":"/","ProcessId":13636,"ProcessName":"iisexpress","ThreadId":6,"ApplicationId":"80e86872976368d4d76a3a3000795f012fd1ac84","MachineName":"BATTLER-PC","Log4NetLevel":"INFO ","HttpRequestId":"e30fbe40-5891-46ae-a08c-860e2d6d81ff","HttpRequestNumber":1,"HttpSessionId":"0"}
{"@t":"2023-10-11T19:18:34.1847694Z","@mt":"Creating the media store, localMediaDbExists? {LocalMediaDbExists}","LocalMediaDbExists":true,"SourceContext":"Umbraco.Cms.Infrastructure.PublishedCache.PublishedSnapshotService","RequestId":"80000074-0001-fc00-b63f-84710c7967bb","RequestPath":"/","ProcessId":13636,"ProcessName":"iisexpress","ThreadId":6,"ApplicationId":"80e86872976368d4d76a3a3000795f012fd1ac84","MachineName":"BATTLER-PC","Log4NetLevel":"INFO ","HttpRequestId":"e30fbe40-5891-46ae-a08c-860e2d6d81ff","HttpRequestNumber":1,"HttpSessionId":"0"}
{"@t":"2023-10-11T19:18:34.6688257Z","@mt":"{StartMessage} [Timing {TimingId}]","StartMessage":"Loading content from local cache file","TimingId":"f09a388","SourceContext":"Umbraco.Cms.Core.Logging.ProfilingLogger","RequestId":"80000074-0001-fc00-b63f-84710c7967bb","RequestPath":"/","ProcessId":13636,"ProcessName":"iisexpress","ThreadId":6,"ApplicationId":"80e86872976368d4d76a3a3000795f012fd1ac84","MachineName":"BATTLER-PC","Log4NetLevel":"INFO ","HttpRequestId":"e30fbe40-5891-46ae-a08c-860e2d6d81ff","HttpRequestNumber":1,"HttpSessionId":"0"}
{"@t":"2023-10-11T19:18:34.7009825Z","@mt":"{EndMessage} ({Duration}ms) [Timing {TimingId}]","EndMessage":"Completed.","Duration":32,"TimingId":"f09a388","SourceContext":"Umbraco.Cms.Core.Logging.ProfilingLogger","RequestId":"80000074-0001-fc00-b63f-84710c7967bb","RequestPath":"/","ProcessId":13636,"ProcessName":"iisexpress","ThreadId":6,"ApplicationId":"80e86872976368d4d76a3a3000795f012fd1ac84","MachineName":"BATTLER-PC","Log4NetLevel":"INFO ","HttpRequestId":"e30fbe40-5891-46ae-a08c-860e2d6d81ff","HttpRequestNumber":1,"HttpSessionId":"0"}
{"@t":"2023-10-11T19:18:34.7098788Z","@mt":"{StartMessage} [Timing {TimingId}]","StartMessage":"Loading media from local cache file","TimingId":"1451e8d","SourceContext":"Umbraco.Cms.Core.Logging.ProfilingLogger","RequestId":"80000074-0001-fc00-b63f-84710c7967bb","RequestPath":"/","ProcessId":13636,"ProcessName":"iisexpress","ThreadId":6,"ApplicationId":"80e86872976368d4d76a3a3000795f012fd1ac84","MachineName":"BATTLER-PC","Log4NetLevel":"INFO ","HttpRequestId":"e30fbe40-5891-46ae-a08c-860e2d6d81ff","HttpRequestNumber":1,"HttpSessionId":"0"}
{"@t":"2023-10-11T19:18:34.7108159Z","@mt":"Tried to load {entityType} from the local cache file but it was empty.","entityType":"media","SourceContext":"Umbraco.Cms.Infrastructure.PublishedCache.PublishedSnapshotService","RequestId":"80000074-0001-fc00-b63f-84710c7967bb","RequestPath":"/","ProcessId":13636,"ProcessName":"iisexpress","ThreadId":6,"ApplicationId":"80e86872976368d4d76a3a3000795f012fd1ac84","MachineName":"BATTLER-PC","Log4NetLevel":"INFO ","HttpRequestId":"e30fbe40-5891-46ae-a08c-860e2d6d81ff","HttpRequestNumber":1,"HttpSessionId":"0"}
{"@t":"2023-10-11T19:18:34.7110324Z","@mt":"{EndMessage} ({Duration}ms) [Timing {TimingId}]","EndMessage":"Completed.","Duration":1,"TimingId":"1451e8d","SourceContext":"Umbraco.Cms.Core.Logging.ProfilingLogger","RequestId":"80000074-0001-fc00-b63f-84710c7967bb","RequestPath":"/","ProcessId":13636,"ProcessName":"iisexpress","ThreadId":6,"ApplicationId":"80e86872976368d4d76a3a3000795f012fd1ac84","MachineName":"BATTLER-PC","Log4NetLevel":"INFO ","HttpRequestId":"e30fbe40-5891-46ae-a08c-860e2d6d81ff","HttpRequestNumber":1,"HttpSessionId":"0"}
{"@t":"2023-10-11T19:18:34.7112324Z","@mt":"Loading media from local db raised warnings, will reload from database.","@l":"Warning","SourceContext":"Umbraco.Cms.Infrastructure.PublishedCache.PublishedSnapshotService","RequestId":"80000074-0001-fc00-b63f-84710c7967bb","RequestPath":"/","ProcessId":13636,"ProcessName":"iisexpress","ThreadId":6,"ApplicationId":"80e86872976368d4d76a3a3000795f012fd1ac84","MachineName":"BATTLER-PC","Log4NetLevel":"WARN ","HttpRequestId":"e30fbe40-5891-46ae-a08c-860e2d6d81ff","HttpRequestNumber":1,"HttpSessionId":"0"}
{"@t":"2023-10-11T19:18:34.7140915Z","@mt":"{StartMessage} [Timing {TimingId}]","StartMessage":"Loading media from database","TimingId":"9bc5146","SourceContext":"Umbraco.Cms.Core.Logging.ProfilingLogger","RequestId":"80000074-0001-fc00-b63f-84710c7967bb","RequestPath":"/","ProcessId":13636,"ProcessName":"iisexpress","ThreadId":6,"ApplicationId":"80e86872976368d4d76a3a3000795f012fd1ac84","MachineName":"BATTLER-PC","Log4NetLevel":"INFO ","HttpRequestId":"e30fbe40-5891-46ae-a08c-860e2d6d81ff","HttpRequestNumber":1,"HttpSessionId":"0"}
{"@t":"2023-10-11T19:18:34.8900916Z","@mt":"{EndMessage} ({Duration}ms) [Timing {TimingId}]","EndMessage":"Completed.","Duration":175,"TimingId":"9bc5146","SourceContext":"Umbraco.Cms.Core.Logging.ProfilingLogger","RequestId":"80000074-0001-fc00-b63f-84710c7967bb","RequestPath":"/","ProcessId":13636,"ProcessName":"iisexpress","ThreadId":6,"ApplicationId":"80e86872976368d4d76a3a3000795f012fd1ac84","MachineName":"BATTLER-PC","Log4NetLevel":"INFO ","HttpRequestId":"e30fbe40-5891-46ae-a08c-860e2d6d81ff","HttpRequestNumber":1,"HttpSessionId":"0"}
{"@t":"2023-10-11T19:19:34.1551044Z","@mt":"The Delivery API is not enabled, no indexing will performed for the Delivery API content index.","SourceContext":"Umbraco.Cms.Infrastructure.Examine.DeliveryApiContentIndexPopulator","ProcessId":13636,"ProcessName":"iisexpress","ThreadId":4,"ApplicationId":"80e86872976368d4d76a3a3000795f012fd1ac84","MachineName":"BATTLER-PC","Log4NetLevel":"INFO "}
{"@t":"2023-10-11T19:26:30.5549292Z","@mt":"Acquiring MainDom.","SourceContext":"Umbraco.Cms.Core.Runtime.MainDom","ProcessId":15844,"ProcessName":"iisexpress","ThreadId":1,"ApplicationId":"80e86872976368d4d76a3a3000795f012fd1ac84","MachineName":"BATTLER-PC","Log4NetLevel":"INFO "}
{"@t":"2023-10-11T19:26:30.5825165Z","@mt":"Acquired MainDom.","SourceContext":"Umbraco.Cms.Core.Runtime.MainDom","ProcessId":15844,"ProcessName":"iisexpress","ThreadId":1,"ApplicationId":"80e86872976368d4d76a3a3000795f012fd1ac84","MachineName":"BATTLER-PC","Log4NetLevel":"INFO "}
{"@t":"2023-10-11T19:26:32.1551445Z","@mt":"Application started. Press Ctrl+C to shut down.","SourceContext":"Microsoft.Hosting.Lifetime","ProcessId":15844,"ProcessName":"iisexpress","ThreadId":1,"ApplicationId":"80e86872976368d4d76a3a3000795f012fd1ac84","MachineName":"BATTLER-PC","Log4NetLevel":"INFO "}
{"@t":"2023-10-11T19:26:32.1553838Z","@mt":"Hosting environment: {EnvName}","EnvName":"Development","SourceContext":"Microsoft.Hosting.Lifetime","ProcessId":15844,"ProcessName":"iisexpress","ThreadId":1,"ApplicationId":"80e86872976368d4d76a3a3000795f012fd1ac84","MachineName":"BATTLER-PC","Log4NetLevel":"INFO "}
{"@t":"2023-10-11T19:26:32.1555932Z","@mt":"Content root path: {ContentRoot}","ContentRoot":"E:\\Umbraco Test\\UmbracoMekashronApplication","SourceContext":"Microsoft.Hosting.Lifetime","ProcessId":15844,"ProcessName":"iisexpress","ThreadId":1,"ApplicationId":"80e86872976368d4d76a3a3000795f012fd1ac84","MachineName":"BATTLER-PC","Log4NetLevel":"INFO "}
{"@t":"2023-10-11T19:26:32.6395365Z","@mt":"Registered with MainDom, localContentDbExists? {LocalContentDbExists}, localMediaDbExists? {LocalMediaDbExists}","LocalContentDbExists":true,"LocalMediaDbExists":true,"SourceContext":"Umbraco.Cms.Infrastructure.PublishedCache.PublishedSnapshotService","RequestId":"8000017f-0001-f800-b63f-84710c7967bb","RequestPath":"/","ProcessId":15844,"ProcessName":"iisexpress","ThreadId":4,"ApplicationId":"80e86872976368d4d76a3a3000795f012fd1ac84","MachineName":"BATTLER-PC","Log4NetLevel":"INFO ","HttpRequestId":"e5c5c2d5-6b08-46e2-a407-0701525c59a1","HttpRequestNumber":1,"HttpSessionId":"0"}
{"@t":"2023-10-11T19:26:32.6460481Z","@mt":"Creating the content store, localContentDbExists? {LocalContentDbExists}","LocalContentDbExists":true,"SourceContext":"Umbraco.Cms.Infrastructure.PublishedCache.PublishedSnapshotService","RequestId":"8000017f-0001-f800-b63f-84710c7967bb","RequestPath":"/","ProcessId":15844,"ProcessName":"iisexpress","ThreadId":4,"ApplicationId":"80e86872976368d4d76a3a3000795f012fd1ac84","MachineName":"BATTLER-PC","Log4NetLevel":"INFO ","HttpRequestId":"e5c5c2d5-6b08-46e2-a407-0701525c59a1","HttpRequestNumber":1,"HttpSessionId":"0"}
{"@t":"2023-10-11T19:26:32.6479576Z","@mt":"Creating the media store, localMediaDbExists? {LocalMediaDbExists}","LocalMediaDbExists":true,"SourceContext":"Umbraco.Cms.Infrastructure.PublishedCache.PublishedSnapshotService","RequestId":"8000017f-0001-f800-b63f-84710c7967bb","RequestPath":"/","ProcessId":15844,"ProcessName":"iisexpress","ThreadId":4,"ApplicationId":"80e86872976368d4d76a3a3000795f012fd1ac84","MachineName":"BATTLER-PC","Log4NetLevel":"INFO ","HttpRequestId":"e5c5c2d5-6b08-46e2-a407-0701525c59a1","HttpRequestNumber":1,"HttpSessionId":"0"}
{"@t":"2023-10-11T19:26:33.0802909Z","@mt":"{StartMessage} [Timing {TimingId}]","StartMessage":"Loading content from local cache file","TimingId":"af2d124","SourceContext":"Umbraco.Cms.Core.Logging.ProfilingLogger","RequestId":"8000017f-0001-f800-b63f-84710c7967bb","RequestPath":"/","ProcessId":15844,"ProcessName":"iisexpress","ThreadId":4,"ApplicationId":"80e86872976368d4d76a3a3000795f012fd1ac84","MachineName":"BATTLER-PC","Log4NetLevel":"INFO ","HttpRequestId":"e5c5c2d5-6b08-46e2-a407-0701525c59a1","HttpRequestNumber":1,"HttpSessionId":"0"}
{"@t":"2023-10-11T19:26:33.1070975Z","@mt":"{EndMessage} ({Duration}ms) [Timing {TimingId}]","EndMessage":"Completed.","Duration":27,"TimingId":"af2d124","SourceContext":"Umbraco.Cms.Core.Logging.ProfilingLogger","RequestId":"8000017f-0001-f800-b63f-84710c7967bb","RequestPath":"/","ProcessId":15844,"ProcessName":"iisexpress","ThreadId":4,"ApplicationId":"80e86872976368d4d76a3a3000795f012fd1ac84","MachineName":"BATTLER-PC","Log4NetLevel":"INFO ","HttpRequestId":"e5c5c2d5-6b08-46e2-a407-0701525c59a1","HttpRequestNumber":1,"HttpSessionId":"0"}
{"@t":"2023-10-11T19:26:33.1190489Z","@mt":"{StartMessage} [Timing {TimingId}]","StartMessage":"Loading media from local cache file","TimingId":"6328549","SourceContext":"Umbraco.Cms.Core.Logging.ProfilingLogger","RequestId":"8000017f-0001-f800-b63f-84710c7967bb","RequestPath":"/","ProcessId":15844,"ProcessName":"iisexpress","ThreadId":4,"ApplicationId":"80e86872976368d4d76a3a3000795f012fd1ac84","MachineName":"BATTLER-PC","Log4NetLevel":"INFO ","HttpRequestId":"e5c5c2d5-6b08-46e2-a407-0701525c59a1","HttpRequestNumber":1,"HttpSessionId":"0"}
{"@t":"2023-10-11T19:26:33.1209687Z","@mt":"Tried to load {entityType} from the local cache file but it was empty.","entityType":"media","SourceContext":"Umbraco.Cms.Infrastructure.PublishedCache.PublishedSnapshotService","RequestId":"8000017f-0001-f800-b63f-84710c7967bb","RequestPath":"/","ProcessId":15844,"ProcessName":"iisexpress","ThreadId":4,"ApplicationId":"80e86872976368d4d76a3a3000795f012fd1ac84","MachineName":"BATTLER-PC","Log4NetLevel":"INFO ","HttpRequestId":"e5c5c2d5-6b08-46e2-a407-0701525c59a1","HttpRequestNumber":1,"HttpSessionId":"0"}
{"@t":"2023-10-11T19:26:33.1213096Z","@mt":"{EndMessage} ({Duration}ms) [Timing {TimingId}]","EndMessage":"Completed.","Duration":2,"TimingId":"6328549","SourceContext":"Umbraco.Cms.Core.Logging.ProfilingLogger","RequestId":"8000017f-0001-f800-b63f-84710c7967bb","RequestPath":"/","ProcessId":15844,"ProcessName":"iisexpress","ThreadId":4,"ApplicationId":"80e86872976368d4d76a3a3000795f012fd1ac84","MachineName":"BATTLER-PC","Log4NetLevel":"INFO ","HttpRequestId":"e5c5c2d5-6b08-46e2-a407-0701525c59a1","HttpRequestNumber":1,"HttpSessionId":"0"}
{"@t":"2023-10-11T19:26:33.1215550Z","@mt":"Loading media from local db raised warnings, will reload from database.","@l":"Warning","SourceContext":"Umbraco.Cms.Infrastructure.PublishedCache.PublishedSnapshotService","RequestId":"8000017f-0001-f800-b63f-84710c7967bb","RequestPath":"/","ProcessId":15844,"ProcessName":"iisexpress","ThreadId":4,"ApplicationId":"80e86872976368d4d76a3a3000795f012fd1ac84","MachineName":"BATTLER-PC","Log4NetLevel":"WARN ","HttpRequestId":"e5c5c2d5-6b08-46e2-a407-0701525c59a1","HttpRequestNumber":1,"HttpSessionId":"0"}
{"@t":"2023-10-11T19:26:33.1269320Z","@mt":"{StartMessage} [Timing {TimingId}]","StartMessage":"Loading media from database","TimingId":"ac07b18","SourceContext":"Umbraco.Cms.Core.Logging.ProfilingLogger","RequestId":"8000017f-0001-f800-b63f-84710c7967bb","RequestPath":"/","ProcessId":15844,"ProcessName":"iisexpress","ThreadId":4,"ApplicationId":"80e86872976368d4d76a3a3000795f012fd1ac84","MachineName":"BATTLER-PC","Log4NetLevel":"INFO ","HttpRequestId":"e5c5c2d5-6b08-46e2-a407-0701525c59a1","HttpRequestNumber":1,"HttpSessionId":"0"}
{"@t":"2023-10-11T19:26:33.2379957Z","@mt":"{EndMessage} ({Duration}ms) [Timing {TimingId}]","EndMessage":"Completed.","Duration":111,"TimingId":"ac07b18","SourceContext":"Umbraco.Cms.Core.Logging.ProfilingLogger","RequestId":"8000017f-0001-f800-b63f-84710c7967bb","RequestPath":"/","ProcessId":15844,"ProcessName":"iisexpress","ThreadId":4,"ApplicationId":"80e86872976368d4d76a3a3000795f012fd1ac84","MachineName":"BATTLER-PC","Log4NetLevel":"INFO ","HttpRequestId":"e5c5c2d5-6b08-46e2-a407-0701525c59a1","HttpRequestNumber":1,"HttpSessionId":"0"}
{"@t":"2023-10-11T19:27:32.6014543Z","@mt":"The Delivery API is not enabled, no indexing will performed for the Delivery API content index.","SourceContext":"Umbraco.Cms.Infrastructure.Examine.DeliveryApiContentIndexPopulator","ProcessId":15844,"ProcessName":"iisexpress","ThreadId":6,"ApplicationId":"80e86872976368d4d76a3a3000795f012fd1ac84","MachineName":"BATTLER-PC","Log4NetLevel":"INFO "}
