{"@t":"2023-10-13T16:50:30.4854945Z","@mt":"Acquiring MainDom.","SourceContext":"Umbraco.Cms.Core.Runtime.MainDom","ProcessId":14984,"ProcessName":"iisexpress","ThreadId":1,"ApplicationId":"80e86872976368d4d76a3a3000795f012fd1ac84","MachineName":"BATTLER-PC","Log4NetLevel":"INFO "}
{"@t":"2023-10-13T16:50:30.5091702Z","@mt":"Acquired MainDom.","SourceContext":"Umbraco.Cms.Core.Runtime.MainDom","ProcessId":14984,"ProcessName":"iisexpress","ThreadId":1,"ApplicationId":"80e86872976368d4d76a3a3000795f012fd1ac84","MachineName":"BATTLER-PC","Log4NetLevel":"INFO "}
{"@t":"2023-10-13T16:50:31.6323815Z","@mt":"Application started. Press Ctrl+C to shut down.","SourceContext":"Microsoft.Hosting.Lifetime","ProcessId":14984,"ProcessName":"iisexpress","ThreadId":1,"ApplicationId":"80e86872976368d4d76a3a3000795f012fd1ac84","MachineName":"BATTLER-PC","Log4NetLevel":"INFO "}
{"@t":"2023-10-13T16:50:31.6326481Z","@mt":"Hosting environment: {EnvName}","EnvName":"Development","SourceContext":"Microsoft.Hosting.Lifetime","ProcessId":14984,"ProcessName":"iisexpress","ThreadId":1,"ApplicationId":"80e86872976368d4d76a3a3000795f012fd1ac84","MachineName":"BATTLER-PC","Log4NetLevel":"INFO "}
{"@t":"2023-10-13T16:50:31.6328470Z","@mt":"Content root path: {ContentRoot}","ContentRoot":"E:\\Umbraco Test\\UmbracoMekashronApplication","SourceContext":"Microsoft.Hosting.Lifetime","ProcessId":14984,"ProcessName":"iisexpress","ThreadId":1,"ApplicationId":"80e86872976368d4d76a3a3000795f012fd1ac84","MachineName":"BATTLER-PC","Log4NetLevel":"INFO "}
{"@t":"2023-10-13T16:50:32.0001521Z","@mt":"Registered with MainDom, localContentDbExists? {LocalContentDbExists}, localMediaDbExists? {LocalMediaDbExists}","LocalContentDbExists":true,"LocalMediaDbExists":true,"SourceContext":"Umbraco.Cms.Infrastructure.PublishedCache.PublishedSnapshotService","RequestId":"80000184-0001-f600-b63f-84710c7967bb","RequestPath":"/","ProcessId":14984,"ProcessName":"iisexpress","ThreadId":7,"ApplicationId":"80e86872976368d4d76a3a3000795f012fd1ac84","MachineName":"BATTLER-PC","Log4NetLevel":"INFO ","HttpRequestId":"ab55eca1-b4f2-40ce-a3fe-d2c0b8a0701d","HttpRequestNumber":1,"HttpSessionId":"0"}
{"@t":"2023-10-13T16:50:32.0033564Z","@mt":"Creating the content store, localContentDbExists? {LocalContentDbExists}","LocalContentDbExists":true,"SourceContext":"Umbraco.Cms.Infrastructure.PublishedCache.PublishedSnapshotService","RequestId":"80000184-0001-f600-b63f-84710c7967bb","RequestPath":"/","ProcessId":14984,"ProcessName":"iisexpress","ThreadId":7,"ApplicationId":"80e86872976368d4d76a3a3000795f012fd1ac84","MachineName":"BATTLER-PC","Log4NetLevel":"INFO ","HttpRequestId":"ab55eca1-b4f2-40ce-a3fe-d2c0b8a0701d","HttpRequestNumber":1,"HttpSessionId":"0"}
{"@t":"2023-10-13T16:50:32.0060598Z","@mt":"Creating the media store, localMediaDbExists? {LocalMediaDbExists}","LocalMediaDbExists":true,"SourceContext":"Umbraco.Cms.Infrastructure.PublishedCache.PublishedSnapshotService","RequestId":"80000184-0001-f600-b63f-84710c7967bb","RequestPath":"/","ProcessId":14984,"ProcessName":"iisexpress","ThreadId":7,"ApplicationId":"80e86872976368d4d76a3a3000795f012fd1ac84","MachineName":"BATTLER-PC","Log4NetLevel":"INFO ","HttpRequestId":"ab55eca1-b4f2-40ce-a3fe-d2c0b8a0701d","HttpRequestNumber":1,"HttpSessionId":"0"}
{"@t":"2023-10-13T16:50:32.2848050Z","@mt":"{StartMessage} [Timing {TimingId}]","StartMessage":"Loading content from local cache file","TimingId":"f1cd1e8","SourceContext":"Umbraco.Cms.Core.Logging.ProfilingLogger","RequestId":"80000184-0001-f600-b63f-84710c7967bb","RequestPath":"/","ProcessId":14984,"ProcessName":"iisexpress","ThreadId":7,"ApplicationId":"80e86872976368d4d76a3a3000795f012fd1ac84","MachineName":"BATTLER-PC","Log4NetLevel":"INFO ","HttpRequestId":"ab55eca1-b4f2-40ce-a3fe-d2c0b8a0701d","HttpRequestNumber":1,"HttpSessionId":"0"}
{"@t":"2023-10-13T16:50:32.3042876Z","@mt":"{EndMessage} ({Duration}ms) [Timing {TimingId}]","EndMessage":"Completed.","Duration":19,"TimingId":"f1cd1e8","SourceContext":"Umbraco.Cms.Core.Logging.ProfilingLogger","RequestId":"80000184-0001-f600-b63f-84710c7967bb","RequestPath":"/","ProcessId":14984,"ProcessName":"iisexpress","ThreadId":7,"ApplicationId":"80e86872976368d4d76a3a3000795f012fd1ac84","MachineName":"BATTLER-PC","Log4NetLevel":"INFO ","HttpRequestId":"ab55eca1-b4f2-40ce-a3fe-d2c0b8a0701d","HttpRequestNumber":1,"HttpSessionId":"0"}
{"@t":"2023-10-13T16:50:32.3109140Z","@mt":"{StartMessage} [Timing {TimingId}]","StartMessage":"Loading media from local cache file","TimingId":"2e05748","SourceContext":"Umbraco.Cms.Core.Logging.ProfilingLogger","RequestId":"80000184-0001-f600-b63f-84710c7967bb","RequestPath":"/","ProcessId":14984,"ProcessName":"iisexpress","ThreadId":7,"ApplicationId":"80e86872976368d4d76a3a3000795f012fd1ac84","MachineName":"BATTLER-PC","Log4NetLevel":"INFO ","HttpRequestId":"ab55eca1-b4f2-40ce-a3fe-d2c0b8a0701d","HttpRequestNumber":1,"HttpSessionId":"0"}
{"@t":"2023-10-13T16:50:32.3114092Z","@mt":"Tried to load {entityType} from the local cache file but it was empty.","entityType":"media","SourceContext":"Umbraco.Cms.Infrastructure.PublishedCache.PublishedSnapshotService","RequestId":"80000184-0001-f600-b63f-84710c7967bb","RequestPath":"/","ProcessId":14984,"ProcessName":"iisexpress","ThreadId":7,"ApplicationId":"80e86872976368d4d76a3a3000795f012fd1ac84","MachineName":"BATTLER-PC","Log4NetLevel":"INFO ","HttpRequestId":"ab55eca1-b4f2-40ce-a3fe-d2c0b8a0701d","HttpRequestNumber":1,"HttpSessionId":"0"}
{"@t":"2023-10-13T16:50:32.3115216Z","@mt":"{EndMessage} ({Duration}ms) [Timing {TimingId}]","EndMessage":"Completed.","Duration":0,"TimingId":"2e05748","SourceContext":"Umbraco.Cms.Core.Logging.ProfilingLogger","RequestId":"80000184-0001-f600-b63f-84710c7967bb","RequestPath":"/","ProcessId":14984,"ProcessName":"iisexpress","ThreadId":7,"ApplicationId":"80e86872976368d4d76a3a3000795f012fd1ac84","MachineName":"BATTLER-PC","Log4NetLevel":"INFO ","HttpRequestId":"ab55eca1-b4f2-40ce-a3fe-d2c0b8a0701d","HttpRequestNumber":1,"HttpSessionId":"0"}
{"@t":"2023-10-13T16:50:32.3116185Z","@mt":"Loading media from local db raised warnings, will reload from database.","@l":"Warning","SourceContext":"Umbraco.Cms.Infrastructure.PublishedCache.PublishedSnapshotService","RequestId":"80000184-0001-f600-b63f-84710c7967bb","RequestPath":"/","ProcessId":14984,"ProcessName":"iisexpress","ThreadId":7,"ApplicationId":"80e86872976368d4d76a3a3000795f012fd1ac84","MachineName":"BATTLER-PC","Log4NetLevel":"WARN ","HttpRequestId":"ab55eca1-b4f2-40ce-a3fe-d2c0b8a0701d","HttpRequestNumber":1,"HttpSessionId":"0"}
{"@t":"2023-10-13T16:50:32.3134118Z","@mt":"{StartMessage} [Timing {TimingId}]","StartMessage":"Loading media from database","TimingId":"77b9464","SourceContext":"Umbraco.Cms.Core.Logging.ProfilingLogger","RequestId":"80000184-0001-f600-b63f-84710c7967bb","RequestPath":"/","ProcessId":14984,"ProcessName":"iisexpress","ThreadId":7,"ApplicationId":"80e86872976368d4d76a3a3000795f012fd1ac84","MachineName":"BATTLER-PC","Log4NetLevel":"INFO ","HttpRequestId":"ab55eca1-b4f2-40ce-a3fe-d2c0b8a0701d","HttpRequestNumber":1,"HttpSessionId":"0"}
{"@t":"2023-10-13T16:50:32.4471979Z","@mt":"{EndMessage} ({Duration}ms) [Timing {TimingId}]","EndMessage":"Completed.","Duration":133,"TimingId":"77b9464","SourceContext":"Umbraco.Cms.Core.Logging.ProfilingLogger","RequestId":"80000184-0001-f600-b63f-84710c7967bb","RequestPath":"/","ProcessId":14984,"ProcessName":"iisexpress","ThreadId":7,"ApplicationId":"80e86872976368d4d76a3a3000795f012fd1ac84","MachineName":"BATTLER-PC","Log4NetLevel":"INFO ","HttpRequestId":"ab55eca1-b4f2-40ce-a3fe-d2c0b8a0701d","HttpRequestNumber":1,"HttpSessionId":"0"}
{"@t":"2023-10-13T16:57:34.8770009Z","@mt":"Acquiring MainDom.","SourceContext":"Umbraco.Cms.Core.Runtime.MainDom","ProcessId":22516,"ProcessName":"iisexpress","ThreadId":1,"ApplicationId":"80e86872976368d4d76a3a3000795f012fd1ac84","MachineName":"BATTLER-PC","Log4NetLevel":"INFO "}
{"@t":"2023-10-13T16:57:34.8887612Z","@mt":"Acquired MainDom.","SourceContext":"Umbraco.Cms.Core.Runtime.MainDom","ProcessId":22516,"ProcessName":"iisexpress","ThreadId":1,"ApplicationId":"80e86872976368d4d76a3a3000795f012fd1ac84","MachineName":"BATTLER-PC","Log4NetLevel":"INFO "}
{"@t":"2023-10-13T16:57:35.7508631Z","@mt":"Application started. Press Ctrl+C to shut down.","SourceContext":"Microsoft.Hosting.Lifetime","ProcessId":22516,"ProcessName":"iisexpress","ThreadId":1,"ApplicationId":"80e86872976368d4d76a3a3000795f012fd1ac84","MachineName":"BATTLER-PC","Log4NetLevel":"INFO "}
{"@t":"2023-10-13T16:57:35.7510727Z","@mt":"Hosting environment: {EnvName}","EnvName":"Development","SourceContext":"Microsoft.Hosting.Lifetime","ProcessId":22516,"ProcessName":"iisexpress","ThreadId":1,"ApplicationId":"80e86872976368d4d76a3a3000795f012fd1ac84","MachineName":"BATTLER-PC","Log4NetLevel":"INFO "}
{"@t":"2023-10-13T16:57:35.7512748Z","@mt":"Content root path: {ContentRoot}","ContentRoot":"E:\\Umbraco Test\\UmbracoMekashronApplication","SourceContext":"Microsoft.Hosting.Lifetime","ProcessId":22516,"ProcessName":"iisexpress","ThreadId":1,"ApplicationId":"80e86872976368d4d76a3a3000795f012fd1ac84","MachineName":"BATTLER-PC","Log4NetLevel":"INFO "}
{"@t":"2023-10-13T16:57:36.0305785Z","@mt":"Registered with MainDom, localContentDbExists? {LocalContentDbExists}, localMediaDbExists? {LocalMediaDbExists}","LocalContentDbExists":true,"LocalMediaDbExists":true,"SourceContext":"Umbraco.Cms.Infrastructure.PublishedCache.PublishedSnapshotService","RequestId":"800000e0-0003-ff00-b63f-84710c7967bb","RequestPath":"/","ProcessId":22516,"ProcessName":"iisexpress","ThreadId":7,"ApplicationId":"80e86872976368d4d76a3a3000795f012fd1ac84","MachineName":"BATTLER-PC","Log4NetLevel":"INFO ","HttpRequestId":"ffd4d08c-756d-43ab-9695-cdbcf87cb702","HttpRequestNumber":1,"HttpSessionId":"0"}
{"@t":"2023-10-13T16:57:36.0332770Z","@mt":"Creating the content store, localContentDbExists? {LocalContentDbExists}","LocalContentDbExists":true,"SourceContext":"Umbraco.Cms.Infrastructure.PublishedCache.PublishedSnapshotService","RequestId":"800000e0-0003-ff00-b63f-84710c7967bb","RequestPath":"/","ProcessId":22516,"ProcessName":"iisexpress","ThreadId":7,"ApplicationId":"80e86872976368d4d76a3a3000795f012fd1ac84","MachineName":"BATTLER-PC","Log4NetLevel":"INFO ","HttpRequestId":"ffd4d08c-756d-43ab-9695-cdbcf87cb702","HttpRequestNumber":1,"HttpSessionId":"0"}
{"@t":"2023-10-13T16:57:36.0349897Z","@mt":"Creating the media store, localMediaDbExists? {LocalMediaDbExists}","LocalMediaDbExists":true,"SourceContext":"Umbraco.Cms.Infrastructure.PublishedCache.PublishedSnapshotService","RequestId":"800000e0-0003-ff00-b63f-84710c7967bb","RequestPath":"/","ProcessId":22516,"ProcessName":"iisexpress","ThreadId":7,"ApplicationId":"80e86872976368d4d76a3a3000795f012fd1ac84","MachineName":"BATTLER-PC","Log4NetLevel":"INFO ","HttpRequestId":"ffd4d08c-756d-43ab-9695-cdbcf87cb702","HttpRequestNumber":1,"HttpSessionId":"0"}
{"@t":"2023-10-13T16:57:36.2714554Z","@mt":"{StartMessage} [Timing {TimingId}]","StartMessage":"Loading content from local cache file","TimingId":"e140b46","SourceContext":"Umbraco.Cms.Core.Logging.ProfilingLogger","RequestId":"800000e0-0003-ff00-b63f-84710c7967bb","RequestPath":"/","ProcessId":22516,"ProcessName":"iisexpress","ThreadId":7,"ApplicationId":"80e86872976368d4d76a3a3000795f012fd1ac84","MachineName":"BATTLER-PC","Log4NetLevel":"INFO ","HttpRequestId":"ffd4d08c-756d-43ab-9695-cdbcf87cb702","HttpRequestNumber":1,"HttpSessionId":"0"}
{"@t":"2023-10-13T16:57:36.2937220Z","@mt":"{EndMessage} ({Duration}ms) [Timing {TimingId}]","EndMessage":"Completed.","Duration":22,"TimingId":"e140b46","SourceContext":"Umbraco.Cms.Core.Logging.ProfilingLogger","RequestId":"800000e0-0003-ff00-b63f-84710c7967bb","RequestPath":"/","ProcessId":22516,"ProcessName":"iisexpress","ThreadId":7,"ApplicationId":"80e86872976368d4d76a3a3000795f012fd1ac84","MachineName":"BATTLER-PC","Log4NetLevel":"INFO ","HttpRequestId":"ffd4d08c-756d-43ab-9695-cdbcf87cb702","HttpRequestNumber":1,"HttpSessionId":"0"}
{"@t":"2023-10-13T16:57:36.3003289Z","@mt":"{StartMessage} [Timing {TimingId}]","StartMessage":"Loading media from local cache file","TimingId":"8e483c1","SourceContext":"Umbraco.Cms.Core.Logging.ProfilingLogger","RequestId":"800000e0-0003-ff00-b63f-84710c7967bb","RequestPath":"/","ProcessId":22516,"ProcessName":"iisexpress","ThreadId":7,"ApplicationId":"80e86872976368d4d76a3a3000795f012fd1ac84","MachineName":"BATTLER-PC","Log4NetLevel":"INFO ","HttpRequestId":"ffd4d08c-756d-43ab-9695-cdbcf87cb702","HttpRequestNumber":1,"HttpSessionId":"0"}
{"@t":"2023-10-13T16:57:36.3010816Z","@mt":"Tried to load {entityType} from the local cache file but it was empty.","entityType":"media","SourceContext":"Umbraco.Cms.Infrastructure.PublishedCache.PublishedSnapshotService","RequestId":"800000e0-0003-ff00-b63f-84710c7967bb","RequestPath":"/","ProcessId":22516,"ProcessName":"iisexpress","ThreadId":7,"ApplicationId":"80e86872976368d4d76a3a3000795f012fd1ac84","MachineName":"BATTLER-PC","Log4NetLevel":"INFO ","HttpRequestId":"ffd4d08c-756d-43ab-9695-cdbcf87cb702","HttpRequestNumber":1,"HttpSessionId":"0"}
{"@t":"2023-10-13T16:57:36.3012173Z","@mt":"{EndMessage} ({Duration}ms) [Timing {TimingId}]","EndMessage":"Completed.","Duration":0,"TimingId":"8e483c1","SourceContext":"Umbraco.Cms.Core.Logging.ProfilingLogger","RequestId":"800000e0-0003-ff00-b63f-84710c7967bb","RequestPath":"/","ProcessId":22516,"ProcessName":"iisexpress","ThreadId":7,"ApplicationId":"80e86872976368d4d76a3a3000795f012fd1ac84","MachineName":"BATTLER-PC","Log4NetLevel":"INFO ","HttpRequestId":"ffd4d08c-756d-43ab-9695-cdbcf87cb702","HttpRequestNumber":1,"HttpSessionId":"0"}
{"@t":"2023-10-13T16:57:36.3015029Z","@mt":"Loading media from local db raised warnings, will reload from database.","@l":"Warning","SourceContext":"Umbraco.Cms.Infrastructure.PublishedCache.PublishedSnapshotService","RequestId":"800000e0-0003-ff00-b63f-84710c7967bb","RequestPath":"/","ProcessId":22516,"ProcessName":"iisexpress","ThreadId":7,"ApplicationId":"80e86872976368d4d76a3a3000795f012fd1ac84","MachineName":"BATTLER-PC","Log4NetLevel":"WARN ","HttpRequestId":"ffd4d08c-756d-43ab-9695-cdbcf87cb702","HttpRequestNumber":1,"HttpSessionId":"0"}
{"@t":"2023-10-13T16:57:36.3038075Z","@mt":"{StartMessage} [Timing {TimingId}]","StartMessage":"Loading media from database","TimingId":"ce5e666","SourceContext":"Umbraco.Cms.Core.Logging.ProfilingLogger","RequestId":"800000e0-0003-ff00-b63f-84710c7967bb","RequestPath":"/","ProcessId":22516,"ProcessName":"iisexpress","ThreadId":7,"ApplicationId":"80e86872976368d4d76a3a3000795f012fd1ac84","MachineName":"BATTLER-PC","Log4NetLevel":"INFO ","HttpRequestId":"ffd4d08c-756d-43ab-9695-cdbcf87cb702","HttpRequestNumber":1,"HttpSessionId":"0"}
{"@t":"2023-10-13T16:57:36.3974861Z","@mt":"{EndMessage} ({Duration}ms) [Timing {TimingId}]","EndMessage":"Completed.","Duration":93,"TimingId":"ce5e666","SourceContext":"Umbraco.Cms.Core.Logging.ProfilingLogger","RequestId":"800000e0-0003-ff00-b63f-84710c7967bb","RequestPath":"/","ProcessId":22516,"ProcessName":"iisexpress","ThreadId":7,"ApplicationId":"80e86872976368d4d76a3a3000795f012fd1ac84","MachineName":"BATTLER-PC","Log4NetLevel":"INFO ","HttpRequestId":"ffd4d08c-756d-43ab-9695-cdbcf87cb702","HttpRequestNumber":1,"HttpSessionId":"0"}
