{"@t":"2023-10-10T12:12:04.8929692Z","@mt":"Acquiring MainDom.","SourceContext":"Umbraco.Cms.Core.Runtime.MainDom","ProcessId":17404,"ProcessName":"iisexpress","ThreadId":1,"ApplicationId":"80e86872976368d4d76a3a3000795f012fd1ac84","MachineName":"BATTLER-PC","Log4NetLevel":"INFO "}
{"@t":"2023-10-10T12:12:04.9095140Z","@mt":"Acquired MainDom.","SourceContext":"Umbraco.Cms.Core.Runtime.MainDom","ProcessId":17404,"ProcessName":"iisexpress","ThreadId":1,"ApplicationId":"80e86872976368d4d76a3a3000795f012fd1ac84","MachineName":"BATTLER-PC","Log4NetLevel":"INFO "}
{"@t":"2023-10-10T12:12:05.9636919Z","@mt":"Application started. Press Ctrl+C to shut down.","SourceContext":"Microsoft.Hosting.Lifetime","ProcessId":17404,"ProcessName":"iisexpress","ThreadId":1,"ApplicationId":"80e86872976368d4d76a3a3000795f012fd1ac84","MachineName":"BATTLER-PC","Log4NetLevel":"INFO "}
{"@t":"2023-10-10T12:12:05.9638914Z","@mt":"Hosting environment: {EnvName}","EnvName":"Development","SourceContext":"Microsoft.Hosting.Lifetime","ProcessId":17404,"ProcessName":"iisexpress","ThreadId":1,"ApplicationId":"80e86872976368d4d76a3a3000795f012fd1ac84","MachineName":"BATTLER-PC","Log4NetLevel":"INFO "}
{"@t":"2023-10-10T12:12:05.9641528Z","@mt":"Content root path: {ContentRoot}","ContentRoot":"E:\\Umbraco Test\\UmbracoMekashronApplication","SourceContext":"Microsoft.Hosting.Lifetime","ProcessId":17404,"ProcessName":"iisexpress","ThreadId":1,"ApplicationId":"80e86872976368d4d76a3a3000795f012fd1ac84","MachineName":"BATTLER-PC","Log4NetLevel":"INFO "}
{"@t":"2023-10-10T12:12:06.3156711Z","@mt":"Registered with MainDom, localContentDbExists? {LocalContentDbExists}, localMediaDbExists? {LocalMediaDbExists}","LocalContentDbExists":true,"LocalMediaDbExists":true,"SourceContext":"Umbraco.Cms.Infrastructure.PublishedCache.PublishedSnapshotService","RequestId":"8000004b-0002-f700-b63f-84710c7967bb","RequestPath":"/","ProcessId":17404,"ProcessName":"iisexpress","ThreadId":8,"ApplicationId":"80e86872976368d4d76a3a3000795f012fd1ac84","MachineName":"BATTLER-PC","Log4NetLevel":"INFO ","HttpRequestId":"7c15e80a-6f40-476b-bdf4-cc0bbb411b3a","HttpRequestNumber":1,"HttpSessionId":"0"}
{"@t":"2023-10-10T12:12:06.3185459Z","@mt":"Creating the content store, localContentDbExists? {LocalContentDbExists}","LocalContentDbExists":true,"SourceContext":"Umbraco.Cms.Infrastructure.PublishedCache.PublishedSnapshotService","RequestId":"8000004b-0002-f700-b63f-84710c7967bb","RequestPath":"/","ProcessId":17404,"ProcessName":"iisexpress","ThreadId":8,"ApplicationId":"80e86872976368d4d76a3a3000795f012fd1ac84","MachineName":"BATTLER-PC","Log4NetLevel":"INFO ","HttpRequestId":"7c15e80a-6f40-476b-bdf4-cc0bbb411b3a","HttpRequestNumber":1,"HttpSessionId":"0"}
{"@t":"2023-10-10T12:12:06.3201787Z","@mt":"Creating the media store, localMediaDbExists? {LocalMediaDbExists}","LocalMediaDbExists":true,"SourceContext":"Umbraco.Cms.Infrastructure.PublishedCache.PublishedSnapshotService","RequestId":"8000004b-0002-f700-b63f-84710c7967bb","RequestPath":"/","ProcessId":17404,"ProcessName":"iisexpress","ThreadId":8,"ApplicationId":"80e86872976368d4d76a3a3000795f012fd1ac84","MachineName":"BATTLER-PC","Log4NetLevel":"INFO ","HttpRequestId":"7c15e80a-6f40-476b-bdf4-cc0bbb411b3a","HttpRequestNumber":1,"HttpSessionId":"0"}
{"@t":"2023-10-10T12:12:06.5718387Z","@mt":"{StartMessage} [Timing {TimingId}]","StartMessage":"Loading content from local cache file","TimingId":"9981c0c","SourceContext":"Umbraco.Cms.Core.Logging.ProfilingLogger","RequestId":"8000004b-0002-f700-b63f-84710c7967bb","RequestPath":"/","ProcessId":17404,"ProcessName":"iisexpress","ThreadId":8,"ApplicationId":"80e86872976368d4d76a3a3000795f012fd1ac84","MachineName":"BATTLER-PC","Log4NetLevel":"INFO ","HttpRequestId":"7c15e80a-6f40-476b-bdf4-cc0bbb411b3a","HttpRequestNumber":1,"HttpSessionId":"0"}
{"@t":"2023-10-10T12:12:06.5946992Z","@mt":"{EndMessage} ({Duration}ms) [Timing {TimingId}]","EndMessage":"Completed.","Duration":22,"TimingId":"9981c0c","SourceContext":"Umbraco.Cms.Core.Logging.ProfilingLogger","RequestId":"8000004b-0002-f700-b63f-84710c7967bb","RequestPath":"/","ProcessId":17404,"ProcessName":"iisexpress","ThreadId":8,"ApplicationId":"80e86872976368d4d76a3a3000795f012fd1ac84","MachineName":"BATTLER-PC","Log4NetLevel":"INFO ","HttpRequestId":"7c15e80a-6f40-476b-bdf4-cc0bbb411b3a","HttpRequestNumber":1,"HttpSessionId":"0"}
{"@t":"2023-10-10T12:12:06.6018533Z","@mt":"{StartMessage} [Timing {TimingId}]","StartMessage":"Loading media from local cache file","TimingId":"86a4db9","SourceContext":"Umbraco.Cms.Core.Logging.ProfilingLogger","RequestId":"8000004b-0002-f700-b63f-84710c7967bb","RequestPath":"/","ProcessId":17404,"ProcessName":"iisexpress","ThreadId":8,"ApplicationId":"80e86872976368d4d76a3a3000795f012fd1ac84","MachineName":"BATTLER-PC","Log4NetLevel":"INFO ","HttpRequestId":"7c15e80a-6f40-476b-bdf4-cc0bbb411b3a","HttpRequestNumber":1,"HttpSessionId":"0"}
{"@t":"2023-10-10T12:12:06.6025333Z","@mt":"Tried to load {entityType} from the local cache file but it was empty.","entityType":"media","SourceContext":"Umbraco.Cms.Infrastructure.PublishedCache.PublishedSnapshotService","RequestId":"8000004b-0002-f700-b63f-84710c7967bb","RequestPath":"/","ProcessId":17404,"ProcessName":"iisexpress","ThreadId":8,"ApplicationId":"80e86872976368d4d76a3a3000795f012fd1ac84","MachineName":"BATTLER-PC","Log4NetLevel":"INFO ","HttpRequestId":"7c15e80a-6f40-476b-bdf4-cc0bbb411b3a","HttpRequestNumber":1,"HttpSessionId":"0"}
{"@t":"2023-10-10T12:12:06.6026122Z","@mt":"{EndMessage} ({Duration}ms) [Timing {TimingId}]","EndMessage":"Completed.","Duration":0,"TimingId":"86a4db9","SourceContext":"Umbraco.Cms.Core.Logging.ProfilingLogger","RequestId":"8000004b-0002-f700-b63f-84710c7967bb","RequestPath":"/","ProcessId":17404,"ProcessName":"iisexpress","ThreadId":8,"ApplicationId":"80e86872976368d4d76a3a3000795f012fd1ac84","MachineName":"BATTLER-PC","Log4NetLevel":"INFO ","HttpRequestId":"7c15e80a-6f40-476b-bdf4-cc0bbb411b3a","HttpRequestNumber":1,"HttpSessionId":"0"}
{"@t":"2023-10-10T12:12:06.6027462Z","@mt":"Loading media from local db raised warnings, will reload from database.","@l":"Warning","SourceContext":"Umbraco.Cms.Infrastructure.PublishedCache.PublishedSnapshotService","RequestId":"8000004b-0002-f700-b63f-84710c7967bb","RequestPath":"/","ProcessId":17404,"ProcessName":"iisexpress","ThreadId":8,"ApplicationId":"80e86872976368d4d76a3a3000795f012fd1ac84","MachineName":"BATTLER-PC","Log4NetLevel":"WARN ","HttpRequestId":"7c15e80a-6f40-476b-bdf4-cc0bbb411b3a","HttpRequestNumber":1,"HttpSessionId":"0"}
{"@t":"2023-10-10T12:12:06.6052031Z","@mt":"{StartMessage} [Timing {TimingId}]","StartMessage":"Loading media from database","TimingId":"1cfee65","SourceContext":"Umbraco.Cms.Core.Logging.ProfilingLogger","RequestId":"8000004b-0002-f700-b63f-84710c7967bb","RequestPath":"/","ProcessId":17404,"ProcessName":"iisexpress","ThreadId":8,"ApplicationId":"80e86872976368d4d76a3a3000795f012fd1ac84","MachineName":"BATTLER-PC","Log4NetLevel":"INFO ","HttpRequestId":"7c15e80a-6f40-476b-bdf4-cc0bbb411b3a","HttpRequestNumber":1,"HttpSessionId":"0"}
{"@t":"2023-10-10T12:12:06.6940718Z","@mt":"{EndMessage} ({Duration}ms) [Timing {TimingId}]","EndMessage":"Completed.","Duration":88,"TimingId":"1cfee65","SourceContext":"Umbraco.Cms.Core.Logging.ProfilingLogger","RequestId":"8000004b-0002-f700-b63f-84710c7967bb","RequestPath":"/","ProcessId":17404,"ProcessName":"iisexpress","ThreadId":8,"ApplicationId":"80e86872976368d4d76a3a3000795f012fd1ac84","MachineName":"BATTLER-PC","Log4NetLevel":"INFO ","HttpRequestId":"7c15e80a-6f40-476b-bdf4-cc0bbb411b3a","HttpRequestNumber":1,"HttpSessionId":"0"}
{"@t":"2023-10-10T12:13:06.4791218Z","@mt":"The Delivery API is not enabled, no indexing will performed for the Delivery API content index.","SourceContext":"Umbraco.Cms.Infrastructure.Examine.DeliveryApiContentIndexPopulator","ProcessId":17404,"ProcessName":"iisexpress","ThreadId":6,"ApplicationId":"80e86872976368d4d76a3a3000795f012fd1ac84","MachineName":"BATTLER-PC","Log4NetLevel":"INFO "}
{"@t":"2023-10-10T14:00:02.7238041Z","@mt":"Acquiring MainDom.","SourceContext":"Umbraco.Cms.Core.Runtime.MainDom","ProcessId":1544,"ProcessName":"iisexpress","ThreadId":1,"ApplicationId":"80e86872976368d4d76a3a3000795f012fd1ac84","MachineName":"BATTLER-PC","Log4NetLevel":"INFO "}
{"@t":"2023-10-10T14:00:02.7310827Z","@mt":"Acquired MainDom.","SourceContext":"Umbraco.Cms.Core.Runtime.MainDom","ProcessId":1544,"ProcessName":"iisexpress","ThreadId":1,"ApplicationId":"80e86872976368d4d76a3a3000795f012fd1ac84","MachineName":"BATTLER-PC","Log4NetLevel":"INFO "}
{"@t":"2023-10-10T14:00:03.7405919Z","@mt":"Application started. Press Ctrl+C to shut down.","SourceContext":"Microsoft.Hosting.Lifetime","ProcessId":1544,"ProcessName":"iisexpress","ThreadId":1,"ApplicationId":"80e86872976368d4d76a3a3000795f012fd1ac84","MachineName":"BATTLER-PC","Log4NetLevel":"INFO "}
{"@t":"2023-10-10T14:00:03.7408382Z","@mt":"Hosting environment: {EnvName}","EnvName":"Development","SourceContext":"Microsoft.Hosting.Lifetime","ProcessId":1544,"ProcessName":"iisexpress","ThreadId":1,"ApplicationId":"80e86872976368d4d76a3a3000795f012fd1ac84","MachineName":"BATTLER-PC","Log4NetLevel":"INFO "}
{"@t":"2023-10-10T14:00:03.7410001Z","@mt":"Content root path: {ContentRoot}","ContentRoot":"E:\\Umbraco Test\\UmbracoMekashronApplication","SourceContext":"Microsoft.Hosting.Lifetime","ProcessId":1544,"ProcessName":"iisexpress","ThreadId":1,"ApplicationId":"80e86872976368d4d76a3a3000795f012fd1ac84","MachineName":"BATTLER-PC","Log4NetLevel":"INFO "}
{"@t":"2023-10-10T14:00:04.0753514Z","@mt":"Registered with MainDom, localContentDbExists? {LocalContentDbExists}, localMediaDbExists? {LocalMediaDbExists}","LocalContentDbExists":true,"LocalMediaDbExists":true,"SourceContext":"Umbraco.Cms.Infrastructure.PublishedCache.PublishedSnapshotService","RequestId":"80000055-0000-ff00-b63f-84710c7967bb","RequestPath":"/","ProcessId":1544,"ProcessName":"iisexpress","ThreadId":4,"ApplicationId":"80e86872976368d4d76a3a3000795f012fd1ac84","MachineName":"BATTLER-PC","Log4NetLevel":"INFO ","HttpRequestId":"56d8f9c3-d976-411b-b473-9d8a833dd63f","HttpRequestNumber":1,"HttpSessionId":"0"}
{"@t":"2023-10-10T14:00:04.0780131Z","@mt":"Creating the content store, localContentDbExists? {LocalContentDbExists}","LocalContentDbExists":true,"SourceContext":"Umbraco.Cms.Infrastructure.PublishedCache.PublishedSnapshotService","RequestId":"80000055-0000-ff00-b63f-84710c7967bb","RequestPath":"/","ProcessId":1544,"ProcessName":"iisexpress","ThreadId":4,"ApplicationId":"80e86872976368d4d76a3a3000795f012fd1ac84","MachineName":"BATTLER-PC","Log4NetLevel":"INFO ","HttpRequestId":"56d8f9c3-d976-411b-b473-9d8a833dd63f","HttpRequestNumber":1,"HttpSessionId":"0"}
{"@t":"2023-10-10T14:00:04.0795797Z","@mt":"Creating the media store, localMediaDbExists? {LocalMediaDbExists}","LocalMediaDbExists":true,"SourceContext":"Umbraco.Cms.Infrastructure.PublishedCache.PublishedSnapshotService","RequestId":"80000055-0000-ff00-b63f-84710c7967bb","RequestPath":"/","ProcessId":1544,"ProcessName":"iisexpress","ThreadId":4,"ApplicationId":"80e86872976368d4d76a3a3000795f012fd1ac84","MachineName":"BATTLER-PC","Log4NetLevel":"INFO ","HttpRequestId":"56d8f9c3-d976-411b-b473-9d8a833dd63f","HttpRequestNumber":1,"HttpSessionId":"0"}
{"@t":"2023-10-10T14:00:04.3845550Z","@mt":"{StartMessage} [Timing {TimingId}]","StartMessage":"Loading content from local cache file","TimingId":"8b92257","SourceContext":"Umbraco.Cms.Core.Logging.ProfilingLogger","RequestId":"80000055-0000-ff00-b63f-84710c7967bb","RequestPath":"/","ProcessId":1544,"ProcessName":"iisexpress","ThreadId":4,"ApplicationId":"80e86872976368d4d76a3a3000795f012fd1ac84","MachineName":"BATTLER-PC","Log4NetLevel":"INFO ","HttpRequestId":"56d8f9c3-d976-411b-b473-9d8a833dd63f","HttpRequestNumber":1,"HttpSessionId":"0"}
{"@t":"2023-10-10T14:00:04.4053650Z","@mt":"{EndMessage} ({Duration}ms) [Timing {TimingId}]","EndMessage":"Completed.","Duration":20,"TimingId":"8b92257","SourceContext":"Umbraco.Cms.Core.Logging.ProfilingLogger","RequestId":"80000055-0000-ff00-b63f-84710c7967bb","RequestPath":"/","ProcessId":1544,"ProcessName":"iisexpress","ThreadId":4,"ApplicationId":"80e86872976368d4d76a3a3000795f012fd1ac84","MachineName":"BATTLER-PC","Log4NetLevel":"INFO ","HttpRequestId":"56d8f9c3-d976-411b-b473-9d8a833dd63f","HttpRequestNumber":1,"HttpSessionId":"0"}
{"@t":"2023-10-10T14:00:04.4113778Z","@mt":"{StartMessage} [Timing {TimingId}]","StartMessage":"Loading media from local cache file","TimingId":"a21d469","SourceContext":"Umbraco.Cms.Core.Logging.ProfilingLogger","RequestId":"80000055-0000-ff00-b63f-84710c7967bb","RequestPath":"/","ProcessId":1544,"ProcessName":"iisexpress","ThreadId":4,"ApplicationId":"80e86872976368d4d76a3a3000795f012fd1ac84","MachineName":"BATTLER-PC","Log4NetLevel":"INFO ","HttpRequestId":"56d8f9c3-d976-411b-b473-9d8a833dd63f","HttpRequestNumber":1,"HttpSessionId":"0"}
{"@t":"2023-10-10T14:00:04.4119513Z","@mt":"Tried to load {entityType} from the local cache file but it was empty.","entityType":"media","SourceContext":"Umbraco.Cms.Infrastructure.PublishedCache.PublishedSnapshotService","RequestId":"80000055-0000-ff00-b63f-84710c7967bb","RequestPath":"/","ProcessId":1544,"ProcessName":"iisexpress","ThreadId":4,"ApplicationId":"80e86872976368d4d76a3a3000795f012fd1ac84","MachineName":"BATTLER-PC","Log4NetLevel":"INFO ","HttpRequestId":"56d8f9c3-d976-411b-b473-9d8a833dd63f","HttpRequestNumber":1,"HttpSessionId":"0"}
{"@t":"2023-10-10T14:00:04.4120492Z","@mt":"{EndMessage} ({Duration}ms) [Timing {TimingId}]","EndMessage":"Completed.","Duration":0,"TimingId":"a21d469","SourceContext":"Umbraco.Cms.Core.Logging.ProfilingLogger","RequestId":"80000055-0000-ff00-b63f-84710c7967bb","RequestPath":"/","ProcessId":1544,"ProcessName":"iisexpress","ThreadId":4,"ApplicationId":"80e86872976368d4d76a3a3000795f012fd1ac84","MachineName":"BATTLER-PC","Log4NetLevel":"INFO ","HttpRequestId":"56d8f9c3-d976-411b-b473-9d8a833dd63f","HttpRequestNumber":1,"HttpSessionId":"0"}
{"@t":"2023-10-10T14:00:04.4122280Z","@mt":"Loading media from local db raised warnings, will reload from database.","@l":"Warning","SourceContext":"Umbraco.Cms.Infrastructure.PublishedCache.PublishedSnapshotService","RequestId":"80000055-0000-ff00-b63f-84710c7967bb","RequestPath":"/","ProcessId":1544,"ProcessName":"iisexpress","ThreadId":4,"ApplicationId":"80e86872976368d4d76a3a3000795f012fd1ac84","MachineName":"BATTLER-PC","Log4NetLevel":"WARN ","HttpRequestId":"56d8f9c3-d976-411b-b473-9d8a833dd63f","HttpRequestNumber":1,"HttpSessionId":"0"}
{"@t":"2023-10-10T14:00:04.4140335Z","@mt":"{StartMessage} [Timing {TimingId}]","StartMessage":"Loading media from database","TimingId":"7c0360c","SourceContext":"Umbraco.Cms.Core.Logging.ProfilingLogger","RequestId":"80000055-0000-ff00-b63f-84710c7967bb","RequestPath":"/","ProcessId":1544,"ProcessName":"iisexpress","ThreadId":4,"ApplicationId":"80e86872976368d4d76a3a3000795f012fd1ac84","MachineName":"BATTLER-PC","Log4NetLevel":"INFO ","HttpRequestId":"56d8f9c3-d976-411b-b473-9d8a833dd63f","HttpRequestNumber":1,"HttpSessionId":"0"}
{"@t":"2023-10-10T14:00:04.4981644Z","@mt":"{EndMessage} ({Duration}ms) [Timing {TimingId}]","EndMessage":"Completed.","Duration":84,"TimingId":"7c0360c","SourceContext":"Umbraco.Cms.Core.Logging.ProfilingLogger","RequestId":"80000055-0000-ff00-b63f-84710c7967bb","RequestPath":"/","ProcessId":1544,"ProcessName":"iisexpress","ThreadId":4,"ApplicationId":"80e86872976368d4d76a3a3000795f012fd1ac84","MachineName":"BATTLER-PC","Log4NetLevel":"INFO ","HttpRequestId":"56d8f9c3-d976-411b-b473-9d8a833dd63f","HttpRequestNumber":1,"HttpSessionId":"0"}
{"@t":"2023-10-10T14:01:04.2149099Z","@mt":"The Delivery API is not enabled, no indexing will performed for the Delivery API content index.","SourceContext":"Umbraco.Cms.Infrastructure.Examine.DeliveryApiContentIndexPopulator","ProcessId":1544,"ProcessName":"iisexpress","ThreadId":8,"ApplicationId":"80e86872976368d4d76a3a3000795f012fd1ac84","MachineName":"BATTLER-PC","Log4NetLevel":"INFO "}
