{"@t":"2023-10-09T11:56:49.3324596Z","@mt":"Acquiring MainDom.","SourceContext":"Umbraco.Cms.Core.Runtime.MainDom","ProcessId":15796,"ProcessName":"iisexpress","ThreadId":1,"ApplicationId":"80e86872976368d4d76a3a3000795f012fd1ac84","MachineName":"BATTLER-PC","Log4NetLevel":"INFO "}
{"@t":"2023-10-09T11:56:49.3819223Z","@mt":"Acquired MainDom.","SourceContext":"Umbraco.Cms.Core.Runtime.MainDom","ProcessId":15796,"ProcessName":"iisexpress","ThreadId":1,"ApplicationId":"80e86872976368d4d76a3a3000795f012fd1ac84","MachineName":"BATTLER-PC","Log4NetLevel":"INFO "}
{"@t":"2023-10-09T11:56:50.5831519Z","@mt":"Application started. Press Ctrl+C to shut down.","SourceContext":"Microsoft.Hosting.Lifetime","ProcessId":15796,"ProcessName":"iisexpress","ThreadId":1,"ApplicationId":"80e86872976368d4d76a3a3000795f012fd1ac84","MachineName":"BATTLER-PC","Log4NetLevel":"INFO "}
{"@t":"2023-10-09T11:56:50.5835085Z","@mt":"Hosting environment: {EnvName}","EnvName":"Development","SourceContext":"Microsoft.Hosting.Lifetime","ProcessId":15796,"ProcessName":"iisexpress","ThreadId":1,"ApplicationId":"80e86872976368d4d76a3a3000795f012fd1ac84","MachineName":"BATTLER-PC","Log4NetLevel":"INFO "}
{"@t":"2023-10-09T11:56:50.5836769Z","@mt":"Content root path: {ContentRoot}","ContentRoot":"E:\\Umbraco Test\\UmbracoMekashronApplication","SourceContext":"Microsoft.Hosting.Lifetime","ProcessId":15796,"ProcessName":"iisexpress","ThreadId":1,"ApplicationId":"80e86872976368d4d76a3a3000795f012fd1ac84","MachineName":"BATTLER-PC","Log4NetLevel":"INFO "}
{"@t":"2023-10-09T11:56:50.9527313Z","@mt":"Registered with MainDom, localContentDbExists? {LocalContentDbExists}, localMediaDbExists? {LocalMediaDbExists}","LocalContentDbExists":true,"LocalMediaDbExists":true,"SourceContext":"Umbraco.Cms.Infrastructure.PublishedCache.PublishedSnapshotService","RequestId":"80000002-0001-fc00-b63f-84710c7967bb","RequestPath":"/","ProcessId":15796,"ProcessName":"iisexpress","ThreadId":4,"ApplicationId":"80e86872976368d4d76a3a3000795f012fd1ac84","MachineName":"BATTLER-PC","Log4NetLevel":"INFO ","HttpRequestId":"fa31b9c9-811d-4ca0-86a9-1460bd11817d","HttpRequestNumber":1,"HttpSessionId":"0"}
{"@t":"2023-10-09T11:56:50.9557795Z","@mt":"Creating the content store, localContentDbExists? {LocalContentDbExists}","LocalContentDbExists":true,"SourceContext":"Umbraco.Cms.Infrastructure.PublishedCache.PublishedSnapshotService","RequestId":"80000002-0001-fc00-b63f-84710c7967bb","RequestPath":"/","ProcessId":15796,"ProcessName":"iisexpress","ThreadId":4,"ApplicationId":"80e86872976368d4d76a3a3000795f012fd1ac84","MachineName":"BATTLER-PC","Log4NetLevel":"INFO ","HttpRequestId":"fa31b9c9-811d-4ca0-86a9-1460bd11817d","HttpRequestNumber":1,"HttpSessionId":"0"}
{"@t":"2023-10-09T11:56:50.9574738Z","@mt":"Creating the media store, localMediaDbExists? {LocalMediaDbExists}","LocalMediaDbExists":true,"SourceContext":"Umbraco.Cms.Infrastructure.PublishedCache.PublishedSnapshotService","RequestId":"80000002-0001-fc00-b63f-84710c7967bb","RequestPath":"/","ProcessId":15796,"ProcessName":"iisexpress","ThreadId":4,"ApplicationId":"80e86872976368d4d76a3a3000795f012fd1ac84","MachineName":"BATTLER-PC","Log4NetLevel":"INFO ","HttpRequestId":"fa31b9c9-811d-4ca0-86a9-1460bd11817d","HttpRequestNumber":1,"HttpSessionId":"0"}
{"@t":"2023-10-09T11:56:51.3272392Z","@mt":"{StartMessage} [Timing {TimingId}]","StartMessage":"Loading content from local cache file","TimingId":"7c0803a","SourceContext":"Umbraco.Cms.Core.Logging.ProfilingLogger","RequestId":"80000002-0001-fc00-b63f-84710c7967bb","RequestPath":"/","ProcessId":15796,"ProcessName":"iisexpress","ThreadId":4,"ApplicationId":"80e86872976368d4d76a3a3000795f012fd1ac84","MachineName":"BATTLER-PC","Log4NetLevel":"INFO ","HttpRequestId":"fa31b9c9-811d-4ca0-86a9-1460bd11817d","HttpRequestNumber":1,"HttpSessionId":"0"}
{"@t":"2023-10-09T11:56:51.3498545Z","@mt":"{EndMessage} ({Duration}ms) [Timing {TimingId}]","EndMessage":"Completed.","Duration":22,"TimingId":"7c0803a","SourceContext":"Umbraco.Cms.Core.Logging.ProfilingLogger","RequestId":"80000002-0001-fc00-b63f-84710c7967bb","RequestPath":"/","ProcessId":15796,"ProcessName":"iisexpress","ThreadId":4,"ApplicationId":"80e86872976368d4d76a3a3000795f012fd1ac84","MachineName":"BATTLER-PC","Log4NetLevel":"INFO ","HttpRequestId":"fa31b9c9-811d-4ca0-86a9-1460bd11817d","HttpRequestNumber":1,"HttpSessionId":"0"}
{"@t":"2023-10-09T11:56:51.3586191Z","@mt":"{StartMessage} [Timing {TimingId}]","StartMessage":"Loading media from local cache file","TimingId":"de867c5","SourceContext":"Umbraco.Cms.Core.Logging.ProfilingLogger","RequestId":"80000002-0001-fc00-b63f-84710c7967bb","RequestPath":"/","ProcessId":15796,"ProcessName":"iisexpress","ThreadId":4,"ApplicationId":"80e86872976368d4d76a3a3000795f012fd1ac84","MachineName":"BATTLER-PC","Log4NetLevel":"INFO ","HttpRequestId":"fa31b9c9-811d-4ca0-86a9-1460bd11817d","HttpRequestNumber":1,"HttpSessionId":"0"}
{"@t":"2023-10-09T11:56:51.3590929Z","@mt":"Tried to load {entityType} from the local cache file but it was empty.","entityType":"media","SourceContext":"Umbraco.Cms.Infrastructure.PublishedCache.PublishedSnapshotService","RequestId":"80000002-0001-fc00-b63f-84710c7967bb","RequestPath":"/","ProcessId":15796,"ProcessName":"iisexpress","ThreadId":4,"ApplicationId":"80e86872976368d4d76a3a3000795f012fd1ac84","MachineName":"BATTLER-PC","Log4NetLevel":"INFO ","HttpRequestId":"fa31b9c9-811d-4ca0-86a9-1460bd11817d","HttpRequestNumber":1,"HttpSessionId":"0"}
{"@t":"2023-10-09T11:56:51.3591674Z","@mt":"{EndMessage} ({Duration}ms) [Timing {TimingId}]","EndMessage":"Completed.","Duration":0,"TimingId":"de867c5","SourceContext":"Umbraco.Cms.Core.Logging.ProfilingLogger","RequestId":"80000002-0001-fc00-b63f-84710c7967bb","RequestPath":"/","ProcessId":15796,"ProcessName":"iisexpress","ThreadId":4,"ApplicationId":"80e86872976368d4d76a3a3000795f012fd1ac84","MachineName":"BATTLER-PC","Log4NetLevel":"INFO ","HttpRequestId":"fa31b9c9-811d-4ca0-86a9-1460bd11817d","HttpRequestNumber":1,"HttpSessionId":"0"}
{"@t":"2023-10-09T11:56:51.3592636Z","@mt":"Loading media from local db raised warnings, will reload from database.","@l":"Warning","SourceContext":"Umbraco.Cms.Infrastructure.PublishedCache.PublishedSnapshotService","RequestId":"80000002-0001-fc00-b63f-84710c7967bb","RequestPath":"/","ProcessId":15796,"ProcessName":"iisexpress","ThreadId":4,"ApplicationId":"80e86872976368d4d76a3a3000795f012fd1ac84","MachineName":"BATTLER-PC","Log4NetLevel":"WARN ","HttpRequestId":"fa31b9c9-811d-4ca0-86a9-1460bd11817d","HttpRequestNumber":1,"HttpSessionId":"0"}
{"@t":"2023-10-09T11:56:51.3615405Z","@mt":"{StartMessage} [Timing {TimingId}]","StartMessage":"Loading media from database","TimingId":"cf7d0db","SourceContext":"Umbraco.Cms.Core.Logging.ProfilingLogger","RequestId":"80000002-0001-fc00-b63f-84710c7967bb","RequestPath":"/","ProcessId":15796,"ProcessName":"iisexpress","ThreadId":4,"ApplicationId":"80e86872976368d4d76a3a3000795f012fd1ac84","MachineName":"BATTLER-PC","Log4NetLevel":"INFO ","HttpRequestId":"fa31b9c9-811d-4ca0-86a9-1460bd11817d","HttpRequestNumber":1,"HttpSessionId":"0"}
{"@t":"2023-10-09T11:56:51.4582679Z","@mt":"{EndMessage} ({Duration}ms) [Timing {TimingId}]","EndMessage":"Completed.","Duration":96,"TimingId":"cf7d0db","SourceContext":"Umbraco.Cms.Core.Logging.ProfilingLogger","RequestId":"80000002-0001-fc00-b63f-84710c7967bb","RequestPath":"/","ProcessId":15796,"ProcessName":"iisexpress","ThreadId":4,"ApplicationId":"80e86872976368d4d76a3a3000795f012fd1ac84","MachineName":"BATTLER-PC","Log4NetLevel":"INFO ","HttpRequestId":"fa31b9c9-811d-4ca0-86a9-1460bd11817d","HttpRequestNumber":1,"HttpSessionId":"0"}
{"@t":"2023-10-09T11:57:51.1171715Z","@mt":"The Delivery API is not enabled, no indexing will performed for the Delivery API content index.","SourceContext":"Umbraco.Cms.Infrastructure.Examine.DeliveryApiContentIndexPopulator","ProcessId":15796,"ProcessName":"iisexpress","ThreadId":8,"ApplicationId":"80e86872976368d4d76a3a3000795f012fd1ac84","MachineName":"BATTLER-PC","Log4NetLevel":"INFO "}
{"@t":"2023-10-09T12:03:08.1763730Z","@mt":"Acquiring MainDom.","SourceContext":"Umbraco.Cms.Core.Runtime.MainDom","ProcessId":15828,"ProcessName":"iisexpress","ThreadId":1,"ApplicationId":"80e86872976368d4d76a3a3000795f012fd1ac84","MachineName":"BATTLER-PC","Log4NetLevel":"INFO "}
{"@t":"2023-10-09T12:03:08.1860662Z","@mt":"Acquired MainDom.","SourceContext":"Umbraco.Cms.Core.Runtime.MainDom","ProcessId":15828,"ProcessName":"iisexpress","ThreadId":1,"ApplicationId":"80e86872976368d4d76a3a3000795f012fd1ac84","MachineName":"BATTLER-PC","Log4NetLevel":"INFO "}
{"@t":"2023-10-09T12:03:09.0804302Z","@mt":"Application started. Press Ctrl+C to shut down.","SourceContext":"Microsoft.Hosting.Lifetime","ProcessId":15828,"ProcessName":"iisexpress","ThreadId":1,"ApplicationId":"80e86872976368d4d76a3a3000795f012fd1ac84","MachineName":"BATTLER-PC","Log4NetLevel":"INFO "}
{"@t":"2023-10-09T12:03:09.0806162Z","@mt":"Hosting environment: {EnvName}","EnvName":"Development","SourceContext":"Microsoft.Hosting.Lifetime","ProcessId":15828,"ProcessName":"iisexpress","ThreadId":1,"ApplicationId":"80e86872976368d4d76a3a3000795f012fd1ac84","MachineName":"BATTLER-PC","Log4NetLevel":"INFO "}
{"@t":"2023-10-09T12:03:09.0807627Z","@mt":"Content root path: {ContentRoot}","ContentRoot":"E:\\Umbraco Test\\UmbracoMekashronApplication","SourceContext":"Microsoft.Hosting.Lifetime","ProcessId":15828,"ProcessName":"iisexpress","ThreadId":1,"ApplicationId":"80e86872976368d4d76a3a3000795f012fd1ac84","MachineName":"BATTLER-PC","Log4NetLevel":"INFO "}
{"@t":"2023-10-09T12:03:09.3808791Z","@mt":"Registered with MainDom, localContentDbExists? {LocalContentDbExists}, localMediaDbExists? {LocalMediaDbExists}","LocalContentDbExists":true,"LocalMediaDbExists":true,"SourceContext":"Umbraco.Cms.Infrastructure.PublishedCache.PublishedSnapshotService","RequestId":"8000000a-0001-f900-b63f-84710c7967bb","RequestPath":"/","ProcessId":15828,"ProcessName":"iisexpress","ThreadId":4,"ApplicationId":"80e86872976368d4d76a3a3000795f012fd1ac84","MachineName":"BATTLER-PC","Log4NetLevel":"INFO ","HttpRequestId":"7989cf4a-aaca-4c73-bb75-cb147ea2135a","HttpRequestNumber":1,"HttpSessionId":"0"}
{"@t":"2023-10-09T12:03:09.3836102Z","@mt":"Creating the content store, localContentDbExists? {LocalContentDbExists}","LocalContentDbExists":true,"SourceContext":"Umbraco.Cms.Infrastructure.PublishedCache.PublishedSnapshotService","RequestId":"8000000a-0001-f900-b63f-84710c7967bb","RequestPath":"/","ProcessId":15828,"ProcessName":"iisexpress","ThreadId":4,"ApplicationId":"80e86872976368d4d76a3a3000795f012fd1ac84","MachineName":"BATTLER-PC","Log4NetLevel":"INFO ","HttpRequestId":"7989cf4a-aaca-4c73-bb75-cb147ea2135a","HttpRequestNumber":1,"HttpSessionId":"0"}
{"@t":"2023-10-09T12:03:09.3853079Z","@mt":"Creating the media store, localMediaDbExists? {LocalMediaDbExists}","LocalMediaDbExists":true,"SourceContext":"Umbraco.Cms.Infrastructure.PublishedCache.PublishedSnapshotService","RequestId":"8000000a-0001-f900-b63f-84710c7967bb","RequestPath":"/","ProcessId":15828,"ProcessName":"iisexpress","ThreadId":4,"ApplicationId":"80e86872976368d4d76a3a3000795f012fd1ac84","MachineName":"BATTLER-PC","Log4NetLevel":"INFO ","HttpRequestId":"7989cf4a-aaca-4c73-bb75-cb147ea2135a","HttpRequestNumber":1,"HttpSessionId":"0"}
{"@t":"2023-10-09T12:03:09.6417312Z","@mt":"{StartMessage} [Timing {TimingId}]","StartMessage":"Loading content from local cache file","TimingId":"83303aa","SourceContext":"Umbraco.Cms.Core.Logging.ProfilingLogger","RequestId":"8000000a-0001-f900-b63f-84710c7967bb","RequestPath":"/","ProcessId":15828,"ProcessName":"iisexpress","ThreadId":4,"ApplicationId":"80e86872976368d4d76a3a3000795f012fd1ac84","MachineName":"BATTLER-PC","Log4NetLevel":"INFO ","HttpRequestId":"7989cf4a-aaca-4c73-bb75-cb147ea2135a","HttpRequestNumber":1,"HttpSessionId":"0"}
{"@t":"2023-10-09T12:03:09.6623903Z","@mt":"{EndMessage} ({Duration}ms) [Timing {TimingId}]","EndMessage":"Completed.","Duration":20,"TimingId":"83303aa","SourceContext":"Umbraco.Cms.Core.Logging.ProfilingLogger","RequestId":"8000000a-0001-f900-b63f-84710c7967bb","RequestPath":"/","ProcessId":15828,"ProcessName":"iisexpress","ThreadId":4,"ApplicationId":"80e86872976368d4d76a3a3000795f012fd1ac84","MachineName":"BATTLER-PC","Log4NetLevel":"INFO ","HttpRequestId":"7989cf4a-aaca-4c73-bb75-cb147ea2135a","HttpRequestNumber":1,"HttpSessionId":"0"}
{"@t":"2023-10-09T12:03:09.6685366Z","@mt":"{StartMessage} [Timing {TimingId}]","StartMessage":"Loading media from local cache file","TimingId":"33fbcd6","SourceContext":"Umbraco.Cms.Core.Logging.ProfilingLogger","RequestId":"8000000a-0001-f900-b63f-84710c7967bb","RequestPath":"/","ProcessId":15828,"ProcessName":"iisexpress","ThreadId":4,"ApplicationId":"80e86872976368d4d76a3a3000795f012fd1ac84","MachineName":"BATTLER-PC","Log4NetLevel":"INFO ","HttpRequestId":"7989cf4a-aaca-4c73-bb75-cb147ea2135a","HttpRequestNumber":1,"HttpSessionId":"0"}
{"@t":"2023-10-09T12:03:09.6694697Z","@mt":"Tried to load {entityType} from the local cache file but it was empty.","entityType":"media","SourceContext":"Umbraco.Cms.Infrastructure.PublishedCache.PublishedSnapshotService","RequestId":"8000000a-0001-f900-b63f-84710c7967bb","RequestPath":"/","ProcessId":15828,"ProcessName":"iisexpress","ThreadId":4,"ApplicationId":"80e86872976368d4d76a3a3000795f012fd1ac84","MachineName":"BATTLER-PC","Log4NetLevel":"INFO ","HttpRequestId":"7989cf4a-aaca-4c73-bb75-cb147ea2135a","HttpRequestNumber":1,"HttpSessionId":"0"}
{"@t":"2023-10-09T12:03:09.6696439Z","@mt":"{EndMessage} ({Duration}ms) [Timing {TimingId}]","EndMessage":"Completed.","Duration":1,"TimingId":"33fbcd6","SourceContext":"Umbraco.Cms.Core.Logging.ProfilingLogger","RequestId":"8000000a-0001-f900-b63f-84710c7967bb","RequestPath":"/","ProcessId":15828,"ProcessName":"iisexpress","ThreadId":4,"ApplicationId":"80e86872976368d4d76a3a3000795f012fd1ac84","MachineName":"BATTLER-PC","Log4NetLevel":"INFO ","HttpRequestId":"7989cf4a-aaca-4c73-bb75-cb147ea2135a","HttpRequestNumber":1,"HttpSessionId":"0"}
{"@t":"2023-10-09T12:03:09.6698060Z","@mt":"Loading media from local db raised warnings, will reload from database.","@l":"Warning","SourceContext":"Umbraco.Cms.Infrastructure.PublishedCache.PublishedSnapshotService","RequestId":"8000000a-0001-f900-b63f-84710c7967bb","RequestPath":"/","ProcessId":15828,"ProcessName":"iisexpress","ThreadId":4,"ApplicationId":"80e86872976368d4d76a3a3000795f012fd1ac84","MachineName":"BATTLER-PC","Log4NetLevel":"WARN ","HttpRequestId":"7989cf4a-aaca-4c73-bb75-cb147ea2135a","HttpRequestNumber":1,"HttpSessionId":"0"}
{"@t":"2023-10-09T12:03:09.6718638Z","@mt":"{StartMessage} [Timing {TimingId}]","StartMessage":"Loading media from database","TimingId":"0f43906","SourceContext":"Umbraco.Cms.Core.Logging.ProfilingLogger","RequestId":"8000000a-0001-f900-b63f-84710c7967bb","RequestPath":"/","ProcessId":15828,"ProcessName":"iisexpress","ThreadId":4,"ApplicationId":"80e86872976368d4d76a3a3000795f012fd1ac84","MachineName":"BATTLER-PC","Log4NetLevel":"INFO ","HttpRequestId":"7989cf4a-aaca-4c73-bb75-cb147ea2135a","HttpRequestNumber":1,"HttpSessionId":"0"}
{"@t":"2023-10-09T12:03:09.7857139Z","@mt":"{EndMessage} ({Duration}ms) [Timing {TimingId}]","EndMessage":"Completed.","Duration":113,"TimingId":"0f43906","SourceContext":"Umbraco.Cms.Core.Logging.ProfilingLogger","RequestId":"8000000a-0001-f900-b63f-84710c7967bb","RequestPath":"/","ProcessId":15828,"ProcessName":"iisexpress","ThreadId":4,"ApplicationId":"80e86872976368d4d76a3a3000795f012fd1ac84","MachineName":"BATTLER-PC","Log4NetLevel":"INFO ","HttpRequestId":"7989cf4a-aaca-4c73-bb75-cb147ea2135a","HttpRequestNumber":1,"HttpSessionId":"0"}
{"@t":"2023-10-09T12:04:09.4679467Z","@mt":"The Delivery API is not enabled, no indexing will performed for the Delivery API content index.","SourceContext":"Umbraco.Cms.Infrastructure.Examine.DeliveryApiContentIndexPopulator","ProcessId":15828,"ProcessName":"iisexpress","ThreadId":8,"ApplicationId":"80e86872976368d4d76a3a3000795f012fd1ac84","MachineName":"BATTLER-PC","Log4NetLevel":"INFO "}
{"@t":"2023-10-09T13:24:50.7537561Z","@mt":"Acquiring MainDom.","SourceContext":"Umbraco.Cms.Core.Runtime.MainDom","ProcessId":15124,"ProcessName":"iisexpress","ThreadId":1,"ApplicationId":"80e86872976368d4d76a3a3000795f012fd1ac84","MachineName":"BATTLER-PC","Log4NetLevel":"INFO "}
{"@t":"2023-10-09T13:24:50.7655317Z","@mt":"Acquired MainDom.","SourceContext":"Umbraco.Cms.Core.Runtime.MainDom","ProcessId":15124,"ProcessName":"iisexpress","ThreadId":1,"ApplicationId":"80e86872976368d4d76a3a3000795f012fd1ac84","MachineName":"BATTLER-PC","Log4NetLevel":"INFO "}
{"@t":"2023-10-09T13:24:51.8913762Z","@mt":"Application started. Press Ctrl+C to shut down.","SourceContext":"Microsoft.Hosting.Lifetime","ProcessId":15124,"ProcessName":"iisexpress","ThreadId":1,"ApplicationId":"80e86872976368d4d76a3a3000795f012fd1ac84","MachineName":"BATTLER-PC","Log4NetLevel":"INFO "}
{"@t":"2023-10-09T13:24:51.8916281Z","@mt":"Hosting environment: {EnvName}","EnvName":"Development","SourceContext":"Microsoft.Hosting.Lifetime","ProcessId":15124,"ProcessName":"iisexpress","ThreadId":1,"ApplicationId":"80e86872976368d4d76a3a3000795f012fd1ac84","MachineName":"BATTLER-PC","Log4NetLevel":"INFO "}
{"@t":"2023-10-09T13:24:51.8917871Z","@mt":"Content root path: {ContentRoot}","ContentRoot":"E:\\Umbraco Test\\UmbracoMekashronApplication","SourceContext":"Microsoft.Hosting.Lifetime","ProcessId":15124,"ProcessName":"iisexpress","ThreadId":1,"ApplicationId":"80e86872976368d4d76a3a3000795f012fd1ac84","MachineName":"BATTLER-PC","Log4NetLevel":"INFO "}
{"@t":"2023-10-09T13:24:52.1891101Z","@mt":"Registered with MainDom, localContentDbExists? {LocalContentDbExists}, localMediaDbExists? {LocalMediaDbExists}","LocalContentDbExists":true,"LocalMediaDbExists":true,"SourceContext":"Umbraco.Cms.Infrastructure.PublishedCache.PublishedSnapshotService","RequestId":"8000003e-0001-f900-b63f-84710c7967bb","RequestPath":"/","ProcessId":15124,"ProcessName":"iisexpress","ThreadId":4,"ApplicationId":"80e86872976368d4d76a3a3000795f012fd1ac84","MachineName":"BATTLER-PC","Log4NetLevel":"INFO ","HttpRequestId":"3c77563b-8e29-4044-ad0b-18a0b798d2db","HttpRequestNumber":1,"HttpSessionId":"0"}
{"@t":"2023-10-09T13:24:52.1919676Z","@mt":"Creating the content store, localContentDbExists? {LocalContentDbExists}","LocalContentDbExists":true,"SourceContext":"Umbraco.Cms.Infrastructure.PublishedCache.PublishedSnapshotService","RequestId":"8000003e-0001-f900-b63f-84710c7967bb","RequestPath":"/","ProcessId":15124,"ProcessName":"iisexpress","ThreadId":4,"ApplicationId":"80e86872976368d4d76a3a3000795f012fd1ac84","MachineName":"BATTLER-PC","Log4NetLevel":"INFO ","HttpRequestId":"3c77563b-8e29-4044-ad0b-18a0b798d2db","HttpRequestNumber":1,"HttpSessionId":"0"}
{"@t":"2023-10-09T13:24:52.1937414Z","@mt":"Creating the media store, localMediaDbExists? {LocalMediaDbExists}","LocalMediaDbExists":true,"SourceContext":"Umbraco.Cms.Infrastructure.PublishedCache.PublishedSnapshotService","RequestId":"8000003e-0001-f900-b63f-84710c7967bb","RequestPath":"/","ProcessId":15124,"ProcessName":"iisexpress","ThreadId":4,"ApplicationId":"80e86872976368d4d76a3a3000795f012fd1ac84","MachineName":"BATTLER-PC","Log4NetLevel":"INFO ","HttpRequestId":"3c77563b-8e29-4044-ad0b-18a0b798d2db","HttpRequestNumber":1,"HttpSessionId":"0"}
{"@t":"2023-10-09T13:24:52.4594515Z","@mt":"{StartMessage} [Timing {TimingId}]","StartMessage":"Loading content from local cache file","TimingId":"d4006dd","SourceContext":"Umbraco.Cms.Core.Logging.ProfilingLogger","RequestId":"8000003e-0001-f900-b63f-84710c7967bb","RequestPath":"/","ProcessId":15124,"ProcessName":"iisexpress","ThreadId":4,"ApplicationId":"80e86872976368d4d76a3a3000795f012fd1ac84","MachineName":"BATTLER-PC","Log4NetLevel":"INFO ","HttpRequestId":"3c77563b-8e29-4044-ad0b-18a0b798d2db","HttpRequestNumber":1,"HttpSessionId":"0"}
{"@t":"2023-10-09T13:24:52.4806333Z","@mt":"{EndMessage} ({Duration}ms) [Timing {TimingId}]","EndMessage":"Completed.","Duration":21,"TimingId":"d4006dd","SourceContext":"Umbraco.Cms.Core.Logging.ProfilingLogger","RequestId":"8000003e-0001-f900-b63f-84710c7967bb","RequestPath":"/","ProcessId":15124,"ProcessName":"iisexpress","ThreadId":4,"ApplicationId":"80e86872976368d4d76a3a3000795f012fd1ac84","MachineName":"BATTLER-PC","Log4NetLevel":"INFO ","HttpRequestId":"3c77563b-8e29-4044-ad0b-18a0b798d2db","HttpRequestNumber":1,"HttpSessionId":"0"}
{"@t":"2023-10-09T13:24:52.4872046Z","@mt":"{StartMessage} [Timing {TimingId}]","StartMessage":"Loading media from local cache file","TimingId":"0d5fd89","SourceContext":"Umbraco.Cms.Core.Logging.ProfilingLogger","RequestId":"8000003e-0001-f900-b63f-84710c7967bb","RequestPath":"/","ProcessId":15124,"ProcessName":"iisexpress","ThreadId":4,"ApplicationId":"80e86872976368d4d76a3a3000795f012fd1ac84","MachineName":"BATTLER-PC","Log4NetLevel":"INFO ","HttpRequestId":"3c77563b-8e29-4044-ad0b-18a0b798d2db","HttpRequestNumber":1,"HttpSessionId":"0"}
{"@t":"2023-10-09T13:24:52.4880084Z","@mt":"Tried to load {entityType} from the local cache file but it was empty.","entityType":"media","SourceContext":"Umbraco.Cms.Infrastructure.PublishedCache.PublishedSnapshotService","RequestId":"8000003e-0001-f900-b63f-84710c7967bb","RequestPath":"/","ProcessId":15124,"ProcessName":"iisexpress","ThreadId":4,"ApplicationId":"80e86872976368d4d76a3a3000795f012fd1ac84","MachineName":"BATTLER-PC","Log4NetLevel":"INFO ","HttpRequestId":"3c77563b-8e29-4044-ad0b-18a0b798d2db","HttpRequestNumber":1,"HttpSessionId":"0"}
{"@t":"2023-10-09T13:24:52.4881047Z","@mt":"{EndMessage} ({Duration}ms) [Timing {TimingId}]","EndMessage":"Completed.","Duration":0,"TimingId":"0d5fd89","SourceContext":"Umbraco.Cms.Core.Logging.ProfilingLogger","RequestId":"8000003e-0001-f900-b63f-84710c7967bb","RequestPath":"/","ProcessId":15124,"ProcessName":"iisexpress","ThreadId":4,"ApplicationId":"80e86872976368d4d76a3a3000795f012fd1ac84","MachineName":"BATTLER-PC","Log4NetLevel":"INFO ","HttpRequestId":"3c77563b-8e29-4044-ad0b-18a0b798d2db","HttpRequestNumber":1,"HttpSessionId":"0"}
{"@t":"2023-10-09T13:24:52.4882026Z","@mt":"Loading media from local db raised warnings, will reload from database.","@l":"Warning","SourceContext":"Umbraco.Cms.Infrastructure.PublishedCache.PublishedSnapshotService","RequestId":"8000003e-0001-f900-b63f-84710c7967bb","RequestPath":"/","ProcessId":15124,"ProcessName":"iisexpress","ThreadId":4,"ApplicationId":"80e86872976368d4d76a3a3000795f012fd1ac84","MachineName":"BATTLER-PC","Log4NetLevel":"WARN ","HttpRequestId":"3c77563b-8e29-4044-ad0b-18a0b798d2db","HttpRequestNumber":1,"HttpSessionId":"0"}
{"@t":"2023-10-09T13:24:52.4903233Z","@mt":"{StartMessage} [Timing {TimingId}]","StartMessage":"Loading media from database","TimingId":"c86417a","SourceContext":"Umbraco.Cms.Core.Logging.ProfilingLogger","RequestId":"8000003e-0001-f900-b63f-84710c7967bb","RequestPath":"/","ProcessId":15124,"ProcessName":"iisexpress","ThreadId":4,"ApplicationId":"80e86872976368d4d76a3a3000795f012fd1ac84","MachineName":"BATTLER-PC","Log4NetLevel":"INFO ","HttpRequestId":"3c77563b-8e29-4044-ad0b-18a0b798d2db","HttpRequestNumber":1,"HttpSessionId":"0"}
{"@t":"2023-10-09T13:24:52.5899862Z","@mt":"{EndMessage} ({Duration}ms) [Timing {TimingId}]","EndMessage":"Completed.","Duration":99,"TimingId":"c86417a","SourceContext":"Umbraco.Cms.Core.Logging.ProfilingLogger","RequestId":"8000003e-0001-f900-b63f-84710c7967bb","RequestPath":"/","ProcessId":15124,"ProcessName":"iisexpress","ThreadId":4,"ApplicationId":"80e86872976368d4d76a3a3000795f012fd1ac84","MachineName":"BATTLER-PC","Log4NetLevel":"INFO ","HttpRequestId":"3c77563b-8e29-4044-ad0b-18a0b798d2db","HttpRequestNumber":1,"HttpSessionId":"0"}
{"@t":"2023-10-09T13:28:19.1346916Z","@mt":"Acquiring MainDom.","SourceContext":"Umbraco.Cms.Core.Runtime.MainDom","ProcessId":20324,"ProcessName":"iisexpress","ThreadId":1,"ApplicationId":"80e86872976368d4d76a3a3000795f012fd1ac84","MachineName":"BATTLER-PC","Log4NetLevel":"INFO "}
{"@t":"2023-10-09T13:28:19.1467182Z","@mt":"Acquired MainDom.","SourceContext":"Umbraco.Cms.Core.Runtime.MainDom","ProcessId":20324,"ProcessName":"iisexpress","ThreadId":1,"ApplicationId":"80e86872976368d4d76a3a3000795f012fd1ac84","MachineName":"BATTLER-PC","Log4NetLevel":"INFO "}
{"@t":"2023-10-09T13:28:19.9973994Z","@mt":"Application started. Press Ctrl+C to shut down.","SourceContext":"Microsoft.Hosting.Lifetime","ProcessId":20324,"ProcessName":"iisexpress","ThreadId":1,"ApplicationId":"80e86872976368d4d76a3a3000795f012fd1ac84","MachineName":"BATTLER-PC","Log4NetLevel":"INFO "}
{"@t":"2023-10-09T13:28:19.9976196Z","@mt":"Hosting environment: {EnvName}","EnvName":"Development","SourceContext":"Microsoft.Hosting.Lifetime","ProcessId":20324,"ProcessName":"iisexpress","ThreadId":1,"ApplicationId":"80e86872976368d4d76a3a3000795f012fd1ac84","MachineName":"BATTLER-PC","Log4NetLevel":"INFO "}
{"@t":"2023-10-09T13:28:19.9979033Z","@mt":"Content root path: {ContentRoot}","ContentRoot":"E:\\Umbraco Test\\UmbracoMekashronApplication","SourceContext":"Microsoft.Hosting.Lifetime","ProcessId":20324,"ProcessName":"iisexpress","ThreadId":1,"ApplicationId":"80e86872976368d4d76a3a3000795f012fd1ac84","MachineName":"BATTLER-PC","Log4NetLevel":"INFO "}
{"@t":"2023-10-09T13:28:20.2986103Z","@mt":"Registered with MainDom, localContentDbExists? {LocalContentDbExists}, localMediaDbExists? {LocalMediaDbExists}","LocalContentDbExists":true,"LocalMediaDbExists":true,"SourceContext":"Umbraco.Cms.Infrastructure.PublishedCache.PublishedSnapshotService","RequestId":"80000008-0002-f800-b63f-84710c7967bb","RequestPath":"/","ProcessId":20324,"ProcessName":"iisexpress","ThreadId":4,"ApplicationId":"80e86872976368d4d76a3a3000795f012fd1ac84","MachineName":"BATTLER-PC","Log4NetLevel":"INFO ","HttpRequestId":"fba13467-fa9b-44a4-a4c7-965735247ced","HttpRequestNumber":1,"HttpSessionId":"0"}
{"@t":"2023-10-09T13:28:20.3032489Z","@mt":"Creating the content store, localContentDbExists? {LocalContentDbExists}","LocalContentDbExists":true,"SourceContext":"Umbraco.Cms.Infrastructure.PublishedCache.PublishedSnapshotService","RequestId":"80000008-0002-f800-b63f-84710c7967bb","RequestPath":"/","ProcessId":20324,"ProcessName":"iisexpress","ThreadId":4,"ApplicationId":"80e86872976368d4d76a3a3000795f012fd1ac84","MachineName":"BATTLER-PC","Log4NetLevel":"INFO ","HttpRequestId":"fba13467-fa9b-44a4-a4c7-965735247ced","HttpRequestNumber":1,"HttpSessionId":"0"}
{"@t":"2023-10-09T13:28:20.3050950Z","@mt":"Creating the media store, localMediaDbExists? {LocalMediaDbExists}","LocalMediaDbExists":true,"SourceContext":"Umbraco.Cms.Infrastructure.PublishedCache.PublishedSnapshotService","RequestId":"80000008-0002-f800-b63f-84710c7967bb","RequestPath":"/","ProcessId":20324,"ProcessName":"iisexpress","ThreadId":4,"ApplicationId":"80e86872976368d4d76a3a3000795f012fd1ac84","MachineName":"BATTLER-PC","Log4NetLevel":"INFO ","HttpRequestId":"fba13467-fa9b-44a4-a4c7-965735247ced","HttpRequestNumber":1,"HttpSessionId":"0"}
{"@t":"2023-10-09T13:28:20.5483558Z","@mt":"{StartMessage} [Timing {TimingId}]","StartMessage":"Loading content from local cache file","TimingId":"e31b8d6","SourceContext":"Umbraco.Cms.Core.Logging.ProfilingLogger","RequestId":"80000008-0002-f800-b63f-84710c7967bb","RequestPath":"/","ProcessId":20324,"ProcessName":"iisexpress","ThreadId":4,"ApplicationId":"80e86872976368d4d76a3a3000795f012fd1ac84","MachineName":"BATTLER-PC","Log4NetLevel":"INFO ","HttpRequestId":"fba13467-fa9b-44a4-a4c7-965735247ced","HttpRequestNumber":1,"HttpSessionId":"0"}
{"@t":"2023-10-09T13:28:20.5719713Z","@mt":"{EndMessage} ({Duration}ms) [Timing {TimingId}]","EndMessage":"Completed.","Duration":23,"TimingId":"e31b8d6","SourceContext":"Umbraco.Cms.Core.Logging.ProfilingLogger","RequestId":"80000008-0002-f800-b63f-84710c7967bb","RequestPath":"/","ProcessId":20324,"ProcessName":"iisexpress","ThreadId":4,"ApplicationId":"80e86872976368d4d76a3a3000795f012fd1ac84","MachineName":"BATTLER-PC","Log4NetLevel":"INFO ","HttpRequestId":"fba13467-fa9b-44a4-a4c7-965735247ced","HttpRequestNumber":1,"HttpSessionId":"0"}
{"@t":"2023-10-09T13:28:20.5796170Z","@mt":"{StartMessage} [Timing {TimingId}]","StartMessage":"Loading media from local cache file","TimingId":"653181f","SourceContext":"Umbraco.Cms.Core.Logging.ProfilingLogger","RequestId":"80000008-0002-f800-b63f-84710c7967bb","RequestPath":"/","ProcessId":20324,"ProcessName":"iisexpress","ThreadId":4,"ApplicationId":"80e86872976368d4d76a3a3000795f012fd1ac84","MachineName":"BATTLER-PC","Log4NetLevel":"INFO ","HttpRequestId":"fba13467-fa9b-44a4-a4c7-965735247ced","HttpRequestNumber":1,"HttpSessionId":"0"}
{"@t":"2023-10-09T13:28:20.5803977Z","@mt":"Tried to load {entityType} from the local cache file but it was empty.","entityType":"media","SourceContext":"Umbraco.Cms.Infrastructure.PublishedCache.PublishedSnapshotService","RequestId":"80000008-0002-f800-b63f-84710c7967bb","RequestPath":"/","ProcessId":20324,"ProcessName":"iisexpress","ThreadId":4,"ApplicationId":"80e86872976368d4d76a3a3000795f012fd1ac84","MachineName":"BATTLER-PC","Log4NetLevel":"INFO ","HttpRequestId":"fba13467-fa9b-44a4-a4c7-965735247ced","HttpRequestNumber":1,"HttpSessionId":"0"}
{"@t":"2023-10-09T13:28:20.5805497Z","@mt":"{EndMessage} ({Duration}ms) [Timing {TimingId}]","EndMessage":"Completed.","Duration":0,"TimingId":"653181f","SourceContext":"Umbraco.Cms.Core.Logging.ProfilingLogger","RequestId":"80000008-0002-f800-b63f-84710c7967bb","RequestPath":"/","ProcessId":20324,"ProcessName":"iisexpress","ThreadId":4,"ApplicationId":"80e86872976368d4d76a3a3000795f012fd1ac84","MachineName":"BATTLER-PC","Log4NetLevel":"INFO ","HttpRequestId":"fba13467-fa9b-44a4-a4c7-965735247ced","HttpRequestNumber":1,"HttpSessionId":"0"}
{"@t":"2023-10-09T13:28:20.5807447Z","@mt":"Loading media from local db raised warnings, will reload from database.","@l":"Warning","SourceContext":"Umbraco.Cms.Infrastructure.PublishedCache.PublishedSnapshotService","RequestId":"80000008-0002-f800-b63f-84710c7967bb","RequestPath":"/","ProcessId":20324,"ProcessName":"iisexpress","ThreadId":4,"ApplicationId":"80e86872976368d4d76a3a3000795f012fd1ac84","MachineName":"BATTLER-PC","Log4NetLevel":"WARN ","HttpRequestId":"fba13467-fa9b-44a4-a4c7-965735247ced","HttpRequestNumber":1,"HttpSessionId":"0"}
{"@t":"2023-10-09T13:28:20.5829609Z","@mt":"{StartMessage} [Timing {TimingId}]","StartMessage":"Loading media from database","TimingId":"076f2e4","SourceContext":"Umbraco.Cms.Core.Logging.ProfilingLogger","RequestId":"80000008-0002-f800-b63f-84710c7967bb","RequestPath":"/","ProcessId":20324,"ProcessName":"iisexpress","ThreadId":4,"ApplicationId":"80e86872976368d4d76a3a3000795f012fd1ac84","MachineName":"BATTLER-PC","Log4NetLevel":"INFO ","HttpRequestId":"fba13467-fa9b-44a4-a4c7-965735247ced","HttpRequestNumber":1,"HttpSessionId":"0"}
{"@t":"2023-10-09T13:28:20.7037832Z","@mt":"{EndMessage} ({Duration}ms) [Timing {TimingId}]","EndMessage":"Completed.","Duration":120,"TimingId":"076f2e4","SourceContext":"Umbraco.Cms.Core.Logging.ProfilingLogger","RequestId":"80000008-0002-f800-b63f-84710c7967bb","RequestPath":"/","ProcessId":20324,"ProcessName":"iisexpress","ThreadId":4,"ApplicationId":"80e86872976368d4d76a3a3000795f012fd1ac84","MachineName":"BATTLER-PC","Log4NetLevel":"INFO ","HttpRequestId":"fba13467-fa9b-44a4-a4c7-965735247ced","HttpRequestNumber":1,"HttpSessionId":"0"}
{"@t":"2023-10-09T13:29:20.3834272Z","@mt":"The Delivery API is not enabled, no indexing will performed for the Delivery API content index.","SourceContext":"Umbraco.Cms.Infrastructure.Examine.DeliveryApiContentIndexPopulator","ProcessId":20324,"ProcessName":"iisexpress","ThreadId":8,"ApplicationId":"80e86872976368d4d76a3a3000795f012fd1ac84","MachineName":"BATTLER-PC","Log4NetLevel":"INFO "}
{"@t":"2023-10-09T13:39:16.0717445Z","@mt":"Acquiring MainDom.","SourceContext":"Umbraco.Cms.Core.Runtime.MainDom","ProcessId":21928,"ProcessName":"iisexpress","ThreadId":1,"ApplicationId":"80e86872976368d4d76a3a3000795f012fd1ac84","MachineName":"BATTLER-PC","Log4NetLevel":"INFO "}
{"@t":"2023-10-09T13:39:16.0817719Z","@mt":"Acquired MainDom.","SourceContext":"Umbraco.Cms.Core.Runtime.MainDom","ProcessId":21928,"ProcessName":"iisexpress","ThreadId":1,"ApplicationId":"80e86872976368d4d76a3a3000795f012fd1ac84","MachineName":"BATTLER-PC","Log4NetLevel":"INFO "}
{"@t":"2023-10-09T13:39:17.1490071Z","@mt":"Application started. Press Ctrl+C to shut down.","SourceContext":"Microsoft.Hosting.Lifetime","ProcessId":21928,"ProcessName":"iisexpress","ThreadId":1,"ApplicationId":"80e86872976368d4d76a3a3000795f012fd1ac84","MachineName":"BATTLER-PC","Log4NetLevel":"INFO "}
{"@t":"2023-10-09T13:39:17.1491941Z","@mt":"Hosting environment: {EnvName}","EnvName":"Development","SourceContext":"Microsoft.Hosting.Lifetime","ProcessId":21928,"ProcessName":"iisexpress","ThreadId":1,"ApplicationId":"80e86872976368d4d76a3a3000795f012fd1ac84","MachineName":"BATTLER-PC","Log4NetLevel":"INFO "}
{"@t":"2023-10-09T13:39:17.1493730Z","@mt":"Content root path: {ContentRoot}","ContentRoot":"E:\\Umbraco Test\\UmbracoMekashronApplication","SourceContext":"Microsoft.Hosting.Lifetime","ProcessId":21928,"ProcessName":"iisexpress","ThreadId":1,"ApplicationId":"80e86872976368d4d76a3a3000795f012fd1ac84","MachineName":"BATTLER-PC","Log4NetLevel":"INFO "}
{"@t":"2023-10-09T13:39:17.4560784Z","@mt":"Registered with MainDom, localContentDbExists? {LocalContentDbExists}, localMediaDbExists? {LocalMediaDbExists}","LocalContentDbExists":true,"LocalMediaDbExists":true,"SourceContext":"Umbraco.Cms.Infrastructure.PublishedCache.PublishedSnapshotService","RequestId":"8000003d-0002-fa00-b63f-84710c7967bb","RequestPath":"/","ProcessId":21928,"ProcessName":"iisexpress","ThreadId":4,"ApplicationId":"80e86872976368d4d76a3a3000795f012fd1ac84","MachineName":"BATTLER-PC","Log4NetLevel":"INFO ","HttpRequestId":"fb03c640-f7fa-477c-a2ea-e4775dd0da80","HttpRequestNumber":1,"HttpSessionId":"0"}
{"@t":"2023-10-09T13:39:17.4588032Z","@mt":"Creating the content store, localContentDbExists? {LocalContentDbExists}","LocalContentDbExists":true,"SourceContext":"Umbraco.Cms.Infrastructure.PublishedCache.PublishedSnapshotService","RequestId":"8000003d-0002-fa00-b63f-84710c7967bb","RequestPath":"/","ProcessId":21928,"ProcessName":"iisexpress","ThreadId":4,"ApplicationId":"80e86872976368d4d76a3a3000795f012fd1ac84","MachineName":"BATTLER-PC","Log4NetLevel":"INFO ","HttpRequestId":"fb03c640-f7fa-477c-a2ea-e4775dd0da80","HttpRequestNumber":1,"HttpSessionId":"0"}
{"@t":"2023-10-09T13:39:17.4607773Z","@mt":"Creating the media store, localMediaDbExists? {LocalMediaDbExists}","LocalMediaDbExists":true,"SourceContext":"Umbraco.Cms.Infrastructure.PublishedCache.PublishedSnapshotService","RequestId":"8000003d-0002-fa00-b63f-84710c7967bb","RequestPath":"/","ProcessId":21928,"ProcessName":"iisexpress","ThreadId":4,"ApplicationId":"80e86872976368d4d76a3a3000795f012fd1ac84","MachineName":"BATTLER-PC","Log4NetLevel":"INFO ","HttpRequestId":"fb03c640-f7fa-477c-a2ea-e4775dd0da80","HttpRequestNumber":1,"HttpSessionId":"0"}
{"@t":"2023-10-09T13:39:17.7499750Z","@mt":"{StartMessage} [Timing {TimingId}]","StartMessage":"Loading content from local cache file","TimingId":"ef3c7be","SourceContext":"Umbraco.Cms.Core.Logging.ProfilingLogger","RequestId":"8000003d-0002-fa00-b63f-84710c7967bb","RequestPath":"/","ProcessId":21928,"ProcessName":"iisexpress","ThreadId":4,"ApplicationId":"80e86872976368d4d76a3a3000795f012fd1ac84","MachineName":"BATTLER-PC","Log4NetLevel":"INFO ","HttpRequestId":"fb03c640-f7fa-477c-a2ea-e4775dd0da80","HttpRequestNumber":1,"HttpSessionId":"0"}
{"@t":"2023-10-09T13:39:17.7766934Z","@mt":"{EndMessage} ({Duration}ms) [Timing {TimingId}]","EndMessage":"Completed.","Duration":26,"TimingId":"ef3c7be","SourceContext":"Umbraco.Cms.Core.Logging.ProfilingLogger","RequestId":"8000003d-0002-fa00-b63f-84710c7967bb","RequestPath":"/","ProcessId":21928,"ProcessName":"iisexpress","ThreadId":4,"ApplicationId":"80e86872976368d4d76a3a3000795f012fd1ac84","MachineName":"BATTLER-PC","Log4NetLevel":"INFO ","HttpRequestId":"fb03c640-f7fa-477c-a2ea-e4775dd0da80","HttpRequestNumber":1,"HttpSessionId":"0"}
{"@t":"2023-10-09T13:39:17.7830150Z","@mt":"{StartMessage} [Timing {TimingId}]","StartMessage":"Loading media from local cache file","TimingId":"6b09ae7","SourceContext":"Umbraco.Cms.Core.Logging.ProfilingLogger","RequestId":"8000003d-0002-fa00-b63f-84710c7967bb","RequestPath":"/","ProcessId":21928,"ProcessName":"iisexpress","ThreadId":4,"ApplicationId":"80e86872976368d4d76a3a3000795f012fd1ac84","MachineName":"BATTLER-PC","Log4NetLevel":"INFO ","HttpRequestId":"fb03c640-f7fa-477c-a2ea-e4775dd0da80","HttpRequestNumber":1,"HttpSessionId":"0"}
{"@t":"2023-10-09T13:39:17.7834813Z","@mt":"Tried to load {entityType} from the local cache file but it was empty.","entityType":"media","SourceContext":"Umbraco.Cms.Infrastructure.PublishedCache.PublishedSnapshotService","RequestId":"8000003d-0002-fa00-b63f-84710c7967bb","RequestPath":"/","ProcessId":21928,"ProcessName":"iisexpress","ThreadId":4,"ApplicationId":"80e86872976368d4d76a3a3000795f012fd1ac84","MachineName":"BATTLER-PC","Log4NetLevel":"INFO ","HttpRequestId":"fb03c640-f7fa-477c-a2ea-e4775dd0da80","HttpRequestNumber":1,"HttpSessionId":"0"}
{"@t":"2023-10-09T13:39:17.7835648Z","@mt":"{EndMessage} ({Duration}ms) [Timing {TimingId}]","EndMessage":"Completed.","Duration":0,"TimingId":"6b09ae7","SourceContext":"Umbraco.Cms.Core.Logging.ProfilingLogger","RequestId":"8000003d-0002-fa00-b63f-84710c7967bb","RequestPath":"/","ProcessId":21928,"ProcessName":"iisexpress","ThreadId":4,"ApplicationId":"80e86872976368d4d76a3a3000795f012fd1ac84","MachineName":"BATTLER-PC","Log4NetLevel":"INFO ","HttpRequestId":"fb03c640-f7fa-477c-a2ea-e4775dd0da80","HttpRequestNumber":1,"HttpSessionId":"0"}
{"@t":"2023-10-09T13:39:17.7836542Z","@mt":"Loading media from local db raised warnings, will reload from database.","@l":"Warning","SourceContext":"Umbraco.Cms.Infrastructure.PublishedCache.PublishedSnapshotService","RequestId":"8000003d-0002-fa00-b63f-84710c7967bb","RequestPath":"/","ProcessId":21928,"ProcessName":"iisexpress","ThreadId":4,"ApplicationId":"80e86872976368d4d76a3a3000795f012fd1ac84","MachineName":"BATTLER-PC","Log4NetLevel":"WARN ","HttpRequestId":"fb03c640-f7fa-477c-a2ea-e4775dd0da80","HttpRequestNumber":1,"HttpSessionId":"0"}
{"@t":"2023-10-09T13:39:17.7876790Z","@mt":"{StartMessage} [Timing {TimingId}]","StartMessage":"Loading media from database","TimingId":"7a0ac49","SourceContext":"Umbraco.Cms.Core.Logging.ProfilingLogger","RequestId":"8000003d-0002-fa00-b63f-84710c7967bb","RequestPath":"/","ProcessId":21928,"ProcessName":"iisexpress","ThreadId":4,"ApplicationId":"80e86872976368d4d76a3a3000795f012fd1ac84","MachineName":"BATTLER-PC","Log4NetLevel":"INFO ","HttpRequestId":"fb03c640-f7fa-477c-a2ea-e4775dd0da80","HttpRequestNumber":1,"HttpSessionId":"0"}
{"@t":"2023-10-09T13:39:17.8790187Z","@mt":"{EndMessage} ({Duration}ms) [Timing {TimingId}]","EndMessage":"Completed.","Duration":91,"TimingId":"7a0ac49","SourceContext":"Umbraco.Cms.Core.Logging.ProfilingLogger","RequestId":"8000003d-0002-fa00-b63f-84710c7967bb","RequestPath":"/","ProcessId":21928,"ProcessName":"iisexpress","ThreadId":4,"ApplicationId":"80e86872976368d4d76a3a3000795f012fd1ac84","MachineName":"BATTLER-PC","Log4NetLevel":"INFO ","HttpRequestId":"fb03c640-f7fa-477c-a2ea-e4775dd0da80","HttpRequestNumber":1,"HttpSessionId":"0"}
{"@t":"2023-10-09T13:40:17.5353362Z","@mt":"The Delivery API is not enabled, no indexing will performed for the Delivery API content index.","SourceContext":"Umbraco.Cms.Infrastructure.Examine.DeliveryApiContentIndexPopulator","ProcessId":21928,"ProcessName":"iisexpress","ThreadId":8,"ApplicationId":"80e86872976368d4d76a3a3000795f012fd1ac84","MachineName":"BATTLER-PC","Log4NetLevel":"INFO "}
{"@t":"2023-10-09T13:42:44.7484654Z","@mt":"Acquiring MainDom.","SourceContext":"Umbraco.Cms.Core.Runtime.MainDom","ProcessId":18264,"ProcessName":"iisexpress","ThreadId":1,"ApplicationId":"80e86872976368d4d76a3a3000795f012fd1ac84","MachineName":"BATTLER-PC","Log4NetLevel":"INFO "}
{"@t":"2023-10-09T13:42:44.7655741Z","@mt":"Acquired MainDom.","SourceContext":"Umbraco.Cms.Core.Runtime.MainDom","ProcessId":18264,"ProcessName":"iisexpress","ThreadId":1,"ApplicationId":"80e86872976368d4d76a3a3000795f012fd1ac84","MachineName":"BATTLER-PC","Log4NetLevel":"INFO "}
{"@t":"2023-10-09T13:42:45.8765398Z","@mt":"Application started. Press Ctrl+C to shut down.","SourceContext":"Microsoft.Hosting.Lifetime","ProcessId":18264,"ProcessName":"iisexpress","ThreadId":1,"ApplicationId":"80e86872976368d4d76a3a3000795f012fd1ac84","MachineName":"BATTLER-PC","Log4NetLevel":"INFO "}
{"@t":"2023-10-09T13:42:45.8767528Z","@mt":"Hosting environment: {EnvName}","EnvName":"Development","SourceContext":"Microsoft.Hosting.Lifetime","ProcessId":18264,"ProcessName":"iisexpress","ThreadId":1,"ApplicationId":"80e86872976368d4d76a3a3000795f012fd1ac84","MachineName":"BATTLER-PC","Log4NetLevel":"INFO "}
{"@t":"2023-10-09T13:42:45.8768983Z","@mt":"Content root path: {ContentRoot}","ContentRoot":"E:\\Umbraco Test\\UmbracoMekashronApplication","SourceContext":"Microsoft.Hosting.Lifetime","ProcessId":18264,"ProcessName":"iisexpress","ThreadId":1,"ApplicationId":"80e86872976368d4d76a3a3000795f012fd1ac84","MachineName":"BATTLER-PC","Log4NetLevel":"INFO "}
{"@t":"2023-10-09T13:42:46.3160897Z","@mt":"Registered with MainDom, localContentDbExists? {LocalContentDbExists}, localMediaDbExists? {LocalMediaDbExists}","LocalContentDbExists":true,"LocalMediaDbExists":true,"SourceContext":"Umbraco.Cms.Infrastructure.PublishedCache.PublishedSnapshotService","RequestId":"80000029-0000-f900-b63f-84710c7967bb","RequestPath":"/","ProcessId":18264,"ProcessName":"iisexpress","ThreadId":4,"ApplicationId":"80e86872976368d4d76a3a3000795f012fd1ac84","MachineName":"BATTLER-PC","Log4NetLevel":"INFO ","HttpRequestId":"87fac334-8e61-412d-8e73-39c7313c588d","HttpRequestNumber":1,"HttpSessionId":"0"}
{"@t":"2023-10-09T13:42:46.3188120Z","@mt":"Creating the content store, localContentDbExists? {LocalContentDbExists}","LocalContentDbExists":true,"SourceContext":"Umbraco.Cms.Infrastructure.PublishedCache.PublishedSnapshotService","RequestId":"80000029-0000-f900-b63f-84710c7967bb","RequestPath":"/","ProcessId":18264,"ProcessName":"iisexpress","ThreadId":4,"ApplicationId":"80e86872976368d4d76a3a3000795f012fd1ac84","MachineName":"BATTLER-PC","Log4NetLevel":"INFO ","HttpRequestId":"87fac334-8e61-412d-8e73-39c7313c588d","HttpRequestNumber":1,"HttpSessionId":"0"}
{"@t":"2023-10-09T13:42:46.3204502Z","@mt":"Creating the media store, localMediaDbExists? {LocalMediaDbExists}","LocalMediaDbExists":true,"SourceContext":"Umbraco.Cms.Infrastructure.PublishedCache.PublishedSnapshotService","RequestId":"80000029-0000-f900-b63f-84710c7967bb","RequestPath":"/","ProcessId":18264,"ProcessName":"iisexpress","ThreadId":4,"ApplicationId":"80e86872976368d4d76a3a3000795f012fd1ac84","MachineName":"BATTLER-PC","Log4NetLevel":"INFO ","HttpRequestId":"87fac334-8e61-412d-8e73-39c7313c588d","HttpRequestNumber":1,"HttpSessionId":"0"}
{"@t":"2023-10-09T13:42:46.5962168Z","@mt":"{StartMessage} [Timing {TimingId}]","StartMessage":"Loading content from local cache file","TimingId":"79425dd","SourceContext":"Umbraco.Cms.Core.Logging.ProfilingLogger","RequestId":"80000029-0000-f900-b63f-84710c7967bb","RequestPath":"/","ProcessId":18264,"ProcessName":"iisexpress","ThreadId":4,"ApplicationId":"80e86872976368d4d76a3a3000795f012fd1ac84","MachineName":"BATTLER-PC","Log4NetLevel":"INFO ","HttpRequestId":"87fac334-8e61-412d-8e73-39c7313c588d","HttpRequestNumber":1,"HttpSessionId":"0"}
{"@t":"2023-10-09T13:42:46.6221215Z","@mt":"{EndMessage} ({Duration}ms) [Timing {TimingId}]","EndMessage":"Completed.","Duration":26,"TimingId":"79425dd","SourceContext":"Umbraco.Cms.Core.Logging.ProfilingLogger","RequestId":"80000029-0000-f900-b63f-84710c7967bb","RequestPath":"/","ProcessId":18264,"ProcessName":"iisexpress","ThreadId":4,"ApplicationId":"80e86872976368d4d76a3a3000795f012fd1ac84","MachineName":"BATTLER-PC","Log4NetLevel":"INFO ","HttpRequestId":"87fac334-8e61-412d-8e73-39c7313c588d","HttpRequestNumber":1,"HttpSessionId":"0"}
{"@t":"2023-10-09T13:42:46.6308423Z","@mt":"{StartMessage} [Timing {TimingId}]","StartMessage":"Loading media from local cache file","TimingId":"9bfbdeb","SourceContext":"Umbraco.Cms.Core.Logging.ProfilingLogger","RequestId":"80000029-0000-f900-b63f-84710c7967bb","RequestPath":"/","ProcessId":18264,"ProcessName":"iisexpress","ThreadId":4,"ApplicationId":"80e86872976368d4d76a3a3000795f012fd1ac84","MachineName":"BATTLER-PC","Log4NetLevel":"INFO ","HttpRequestId":"87fac334-8e61-412d-8e73-39c7313c588d","HttpRequestNumber":1,"HttpSessionId":"0"}
{"@t":"2023-10-09T13:42:46.6313043Z","@mt":"Tried to load {entityType} from the local cache file but it was empty.","entityType":"media","SourceContext":"Umbraco.Cms.Infrastructure.PublishedCache.PublishedSnapshotService","RequestId":"80000029-0000-f900-b63f-84710c7967bb","RequestPath":"/","ProcessId":18264,"ProcessName":"iisexpress","ThreadId":4,"ApplicationId":"80e86872976368d4d76a3a3000795f012fd1ac84","MachineName":"BATTLER-PC","Log4NetLevel":"INFO ","HttpRequestId":"87fac334-8e61-412d-8e73-39c7313c588d","HttpRequestNumber":1,"HttpSessionId":"0"}
{"@t":"2023-10-09T13:42:46.6313883Z","@mt":"{EndMessage} ({Duration}ms) [Timing {TimingId}]","EndMessage":"Completed.","Duration":0,"TimingId":"9bfbdeb","SourceContext":"Umbraco.Cms.Core.Logging.ProfilingLogger","RequestId":"80000029-0000-f900-b63f-84710c7967bb","RequestPath":"/","ProcessId":18264,"ProcessName":"iisexpress","ThreadId":4,"ApplicationId":"80e86872976368d4d76a3a3000795f012fd1ac84","MachineName":"BATTLER-PC","Log4NetLevel":"INFO ","HttpRequestId":"87fac334-8e61-412d-8e73-39c7313c588d","HttpRequestNumber":1,"HttpSessionId":"0"}
{"@t":"2023-10-09T13:42:46.6315039Z","@mt":"Loading media from local db raised warnings, will reload from database.","@l":"Warning","SourceContext":"Umbraco.Cms.Infrastructure.PublishedCache.PublishedSnapshotService","RequestId":"80000029-0000-f900-b63f-84710c7967bb","RequestPath":"/","ProcessId":18264,"ProcessName":"iisexpress","ThreadId":4,"ApplicationId":"80e86872976368d4d76a3a3000795f012fd1ac84","MachineName":"BATTLER-PC","Log4NetLevel":"WARN ","HttpRequestId":"87fac334-8e61-412d-8e73-39c7313c588d","HttpRequestNumber":1,"HttpSessionId":"0"}
{"@t":"2023-10-09T13:42:46.6333422Z","@mt":"{StartMessage} [Timing {TimingId}]","StartMessage":"Loading media from database","TimingId":"ec4d8a0","SourceContext":"Umbraco.Cms.Core.Logging.ProfilingLogger","RequestId":"80000029-0000-f900-b63f-84710c7967bb","RequestPath":"/","ProcessId":18264,"ProcessName":"iisexpress","ThreadId":4,"ApplicationId":"80e86872976368d4d76a3a3000795f012fd1ac84","MachineName":"BATTLER-PC","Log4NetLevel":"INFO ","HttpRequestId":"87fac334-8e61-412d-8e73-39c7313c588d","HttpRequestNumber":1,"HttpSessionId":"0"}
{"@t":"2023-10-09T13:42:46.7356233Z","@mt":"{EndMessage} ({Duration}ms) [Timing {TimingId}]","EndMessage":"Completed.","Duration":102,"TimingId":"ec4d8a0","SourceContext":"Umbraco.Cms.Core.Logging.ProfilingLogger","RequestId":"80000029-0000-f900-b63f-84710c7967bb","RequestPath":"/","ProcessId":18264,"ProcessName":"iisexpress","ThreadId":4,"ApplicationId":"80e86872976368d4d76a3a3000795f012fd1ac84","MachineName":"BATTLER-PC","Log4NetLevel":"INFO ","HttpRequestId":"87fac334-8e61-412d-8e73-39c7313c588d","HttpRequestNumber":1,"HttpSessionId":"0"}
{"@t":"2023-10-09T13:43:46.2354235Z","@mt":"The Delivery API is not enabled, no indexing will performed for the Delivery API content index.","SourceContext":"Umbraco.Cms.Infrastructure.Examine.DeliveryApiContentIndexPopulator","ProcessId":18264,"ProcessName":"iisexpress","ThreadId":8,"ApplicationId":"80e86872976368d4d76a3a3000795f012fd1ac84","MachineName":"BATTLER-PC","Log4NetLevel":"INFO "}
{"@t":"2023-10-09T14:33:08.7658616Z","@mt":"Acquiring MainDom.","SourceContext":"Umbraco.Cms.Core.Runtime.MainDom","ProcessId":20296,"ProcessName":"iisexpress","ThreadId":1,"ApplicationId":"80e86872976368d4d76a3a3000795f012fd1ac84","MachineName":"BATTLER-PC","Log4NetLevel":"INFO "}
{"@t":"2023-10-09T14:33:08.7793943Z","@mt":"Acquired MainDom.","SourceContext":"Umbraco.Cms.Core.Runtime.MainDom","ProcessId":20296,"ProcessName":"iisexpress","ThreadId":1,"ApplicationId":"80e86872976368d4d76a3a3000795f012fd1ac84","MachineName":"BATTLER-PC","Log4NetLevel":"INFO "}
{"@t":"2023-10-09T14:33:09.7318567Z","@mt":"Application started. Press Ctrl+C to shut down.","SourceContext":"Microsoft.Hosting.Lifetime","ProcessId":20296,"ProcessName":"iisexpress","ThreadId":1,"ApplicationId":"80e86872976368d4d76a3a3000795f012fd1ac84","MachineName":"BATTLER-PC","Log4NetLevel":"INFO "}
{"@t":"2023-10-09T14:33:09.7322436Z","@mt":"Hosting environment: {EnvName}","EnvName":"Development","SourceContext":"Microsoft.Hosting.Lifetime","ProcessId":20296,"ProcessName":"iisexpress","ThreadId":1,"ApplicationId":"80e86872976368d4d76a3a3000795f012fd1ac84","MachineName":"BATTLER-PC","Log4NetLevel":"INFO "}
{"@t":"2023-10-09T14:33:09.7324357Z","@mt":"Content root path: {ContentRoot}","ContentRoot":"E:\\Umbraco Test\\UmbracoMekashronApplication","SourceContext":"Microsoft.Hosting.Lifetime","ProcessId":20296,"ProcessName":"iisexpress","ThreadId":1,"ApplicationId":"80e86872976368d4d76a3a3000795f012fd1ac84","MachineName":"BATTLER-PC","Log4NetLevel":"INFO "}
{"@t":"2023-10-09T14:33:10.0584469Z","@mt":"Registered with MainDom, localContentDbExists? {LocalContentDbExists}, localMediaDbExists? {LocalMediaDbExists}","LocalContentDbExists":true,"LocalMediaDbExists":true,"SourceContext":"Umbraco.Cms.Infrastructure.PublishedCache.PublishedSnapshotService","RequestId":"80000020-0003-ff00-b63f-84710c7967bb","RequestPath":"/","ProcessId":20296,"ProcessName":"iisexpress","ThreadId":6,"ApplicationId":"80e86872976368d4d76a3a3000795f012fd1ac84","MachineName":"BATTLER-PC","Log4NetLevel":"INFO ","HttpRequestId":"d8183cb9-7fa9-4f1c-8117-f2787c52ea48","HttpRequestNumber":1,"HttpSessionId":"0"}
{"@t":"2023-10-09T14:33:10.0615961Z","@mt":"Creating the content store, localContentDbExists? {LocalContentDbExists}","LocalContentDbExists":true,"SourceContext":"Umbraco.Cms.Infrastructure.PublishedCache.PublishedSnapshotService","RequestId":"80000020-0003-ff00-b63f-84710c7967bb","RequestPath":"/","ProcessId":20296,"ProcessName":"iisexpress","ThreadId":6,"ApplicationId":"80e86872976368d4d76a3a3000795f012fd1ac84","MachineName":"BATTLER-PC","Log4NetLevel":"INFO ","HttpRequestId":"d8183cb9-7fa9-4f1c-8117-f2787c52ea48","HttpRequestNumber":1,"HttpSessionId":"0"}
{"@t":"2023-10-09T14:33:10.0632217Z","@mt":"Creating the media store, localMediaDbExists? {LocalMediaDbExists}","LocalMediaDbExists":true,"SourceContext":"Umbraco.Cms.Infrastructure.PublishedCache.PublishedSnapshotService","RequestId":"80000020-0003-ff00-b63f-84710c7967bb","RequestPath":"/","ProcessId":20296,"ProcessName":"iisexpress","ThreadId":6,"ApplicationId":"80e86872976368d4d76a3a3000795f012fd1ac84","MachineName":"BATTLER-PC","Log4NetLevel":"INFO ","HttpRequestId":"d8183cb9-7fa9-4f1c-8117-f2787c52ea48","HttpRequestNumber":1,"HttpSessionId":"0"}
{"@t":"2023-10-09T14:33:10.3996601Z","@mt":"{StartMessage} [Timing {TimingId}]","StartMessage":"Loading content from local cache file","TimingId":"a1c2d8b","SourceContext":"Umbraco.Cms.Core.Logging.ProfilingLogger","RequestId":"80000020-0003-ff00-b63f-84710c7967bb","RequestPath":"/","ProcessId":20296,"ProcessName":"iisexpress","ThreadId":6,"ApplicationId":"80e86872976368d4d76a3a3000795f012fd1ac84","MachineName":"BATTLER-PC","Log4NetLevel":"INFO ","HttpRequestId":"d8183cb9-7fa9-4f1c-8117-f2787c52ea48","HttpRequestNumber":1,"HttpSessionId":"0"}
{"@t":"2023-10-09T14:33:10.4250050Z","@mt":"{EndMessage} ({Duration}ms) [Timing {TimingId}]","EndMessage":"Completed.","Duration":25,"TimingId":"a1c2d8b","SourceContext":"Umbraco.Cms.Core.Logging.ProfilingLogger","RequestId":"80000020-0003-ff00-b63f-84710c7967bb","RequestPath":"/","ProcessId":20296,"ProcessName":"iisexpress","ThreadId":6,"ApplicationId":"80e86872976368d4d76a3a3000795f012fd1ac84","MachineName":"BATTLER-PC","Log4NetLevel":"INFO ","HttpRequestId":"d8183cb9-7fa9-4f1c-8117-f2787c52ea48","HttpRequestNumber":1,"HttpSessionId":"0"}
{"@t":"2023-10-09T14:33:10.4308912Z","@mt":"{StartMessage} [Timing {TimingId}]","StartMessage":"Loading media from local cache file","TimingId":"b473021","SourceContext":"Umbraco.Cms.Core.Logging.ProfilingLogger","RequestId":"80000020-0003-ff00-b63f-84710c7967bb","RequestPath":"/","ProcessId":20296,"ProcessName":"iisexpress","ThreadId":6,"ApplicationId":"80e86872976368d4d76a3a3000795f012fd1ac84","MachineName":"BATTLER-PC","Log4NetLevel":"INFO ","HttpRequestId":"d8183cb9-7fa9-4f1c-8117-f2787c52ea48","HttpRequestNumber":1,"HttpSessionId":"0"}
{"@t":"2023-10-09T14:33:10.4315392Z","@mt":"Tried to load {entityType} from the local cache file but it was empty.","entityType":"media","SourceContext":"Umbraco.Cms.Infrastructure.PublishedCache.PublishedSnapshotService","RequestId":"80000020-0003-ff00-b63f-84710c7967bb","RequestPath":"/","ProcessId":20296,"ProcessName":"iisexpress","ThreadId":6,"ApplicationId":"80e86872976368d4d76a3a3000795f012fd1ac84","MachineName":"BATTLER-PC","Log4NetLevel":"INFO ","HttpRequestId":"d8183cb9-7fa9-4f1c-8117-f2787c52ea48","HttpRequestNumber":1,"HttpSessionId":"0"}
{"@t":"2023-10-09T14:33:10.4316492Z","@mt":"{EndMessage} ({Duration}ms) [Timing {TimingId}]","EndMessage":"Completed.","Duration":0,"TimingId":"b473021","SourceContext":"Umbraco.Cms.Core.Logging.ProfilingLogger","RequestId":"80000020-0003-ff00-b63f-84710c7967bb","RequestPath":"/","ProcessId":20296,"ProcessName":"iisexpress","ThreadId":6,"ApplicationId":"80e86872976368d4d76a3a3000795f012fd1ac84","MachineName":"BATTLER-PC","Log4NetLevel":"INFO ","HttpRequestId":"d8183cb9-7fa9-4f1c-8117-f2787c52ea48","HttpRequestNumber":1,"HttpSessionId":"0"}
{"@t":"2023-10-09T14:33:10.4318837Z","@mt":"Loading media from local db raised warnings, will reload from database.","@l":"Warning","SourceContext":"Umbraco.Cms.Infrastructure.PublishedCache.PublishedSnapshotService","RequestId":"80000020-0003-ff00-b63f-84710c7967bb","RequestPath":"/","ProcessId":20296,"ProcessName":"iisexpress","ThreadId":6,"ApplicationId":"80e86872976368d4d76a3a3000795f012fd1ac84","MachineName":"BATTLER-PC","Log4NetLevel":"WARN ","HttpRequestId":"d8183cb9-7fa9-4f1c-8117-f2787c52ea48","HttpRequestNumber":1,"HttpSessionId":"0"}
{"@t":"2023-10-09T14:33:10.4340721Z","@mt":"{StartMessage} [Timing {TimingId}]","StartMessage":"Loading media from database","TimingId":"8f06b78","SourceContext":"Umbraco.Cms.Core.Logging.ProfilingLogger","RequestId":"80000020-0003-ff00-b63f-84710c7967bb","RequestPath":"/","ProcessId":20296,"ProcessName":"iisexpress","ThreadId":6,"ApplicationId":"80e86872976368d4d76a3a3000795f012fd1ac84","MachineName":"BATTLER-PC","Log4NetLevel":"INFO ","HttpRequestId":"d8183cb9-7fa9-4f1c-8117-f2787c52ea48","HttpRequestNumber":1,"HttpSessionId":"0"}
{"@t":"2023-10-09T14:33:10.5283616Z","@mt":"{EndMessage} ({Duration}ms) [Timing {TimingId}]","EndMessage":"Completed.","Duration":94,"TimingId":"8f06b78","SourceContext":"Umbraco.Cms.Core.Logging.ProfilingLogger","RequestId":"80000020-0003-ff00-b63f-84710c7967bb","RequestPath":"/","ProcessId":20296,"ProcessName":"iisexpress","ThreadId":6,"ApplicationId":"80e86872976368d4d76a3a3000795f012fd1ac84","MachineName":"BATTLER-PC","Log4NetLevel":"INFO ","HttpRequestId":"d8183cb9-7fa9-4f1c-8117-f2787c52ea48","HttpRequestNumber":1,"HttpSessionId":"0"}
{"@t":"2023-10-09T14:34:10.0986675Z","@mt":"The Delivery API is not enabled, no indexing will performed for the Delivery API content index.","SourceContext":"Umbraco.Cms.Infrastructure.Examine.DeliveryApiContentIndexPopulator","ProcessId":20296,"ProcessName":"iisexpress","ThreadId":9,"ApplicationId":"80e86872976368d4d76a3a3000795f012fd1ac84","MachineName":"BATTLER-PC","Log4NetLevel":"INFO "}
{"@t":"2023-10-09T14:54:25.9360241Z","@mt":"Acquiring MainDom.","SourceContext":"Umbraco.Cms.Core.Runtime.MainDom","ProcessId":15796,"ProcessName":"iisexpress","ThreadId":1,"ApplicationId":"80e86872976368d4d76a3a3000795f012fd1ac84","MachineName":"BATTLER-PC","Log4NetLevel":"INFO "}
{"@t":"2023-10-09T14:54:25.9479814Z","@mt":"Acquired MainDom.","SourceContext":"Umbraco.Cms.Core.Runtime.MainDom","ProcessId":15796,"ProcessName":"iisexpress","ThreadId":1,"ApplicationId":"80e86872976368d4d76a3a3000795f012fd1ac84","MachineName":"BATTLER-PC","Log4NetLevel":"INFO "}
{"@t":"2023-10-09T14:54:27.1219605Z","@mt":"Application started. Press Ctrl+C to shut down.","SourceContext":"Microsoft.Hosting.Lifetime","ProcessId":15796,"ProcessName":"iisexpress","ThreadId":1,"ApplicationId":"80e86872976368d4d76a3a3000795f012fd1ac84","MachineName":"BATTLER-PC","Log4NetLevel":"INFO "}
{"@t":"2023-10-09T14:54:27.1221871Z","@mt":"Hosting environment: {EnvName}","EnvName":"Development","SourceContext":"Microsoft.Hosting.Lifetime","ProcessId":15796,"ProcessName":"iisexpress","ThreadId":1,"ApplicationId":"80e86872976368d4d76a3a3000795f012fd1ac84","MachineName":"BATTLER-PC","Log4NetLevel":"INFO "}
{"@t":"2023-10-09T14:54:27.1223188Z","@mt":"Content root path: {ContentRoot}","ContentRoot":"E:\\Umbraco Test\\UmbracoMekashronApplication","SourceContext":"Microsoft.Hosting.Lifetime","ProcessId":15796,"ProcessName":"iisexpress","ThreadId":1,"ApplicationId":"80e86872976368d4d76a3a3000795f012fd1ac84","MachineName":"BATTLER-PC","Log4NetLevel":"INFO "}
{"@t":"2023-10-09T14:54:27.8358036Z","@mt":"Registered with MainDom, localContentDbExists? {LocalContentDbExists}, localMediaDbExists? {LocalMediaDbExists}","LocalContentDbExists":true,"LocalMediaDbExists":true,"SourceContext":"Umbraco.Cms.Infrastructure.PublishedCache.PublishedSnapshotService","RequestId":"80000055-0002-f900-b63f-84710c7967bb","RequestPath":"/","ProcessId":15796,"ProcessName":"iisexpress","ThreadId":9,"ApplicationId":"80e86872976368d4d76a3a3000795f012fd1ac84","MachineName":"BATTLER-PC","Log4NetLevel":"INFO ","HttpRequestId":"8f20b82d-92f5-4ef0-bb5c-eeb4795ee3cd","HttpRequestNumber":1,"HttpSessionId":"0"}
{"@t":"2023-10-09T14:54:27.8388246Z","@mt":"Creating the content store, localContentDbExists? {LocalContentDbExists}","LocalContentDbExists":true,"SourceContext":"Umbraco.Cms.Infrastructure.PublishedCache.PublishedSnapshotService","RequestId":"80000055-0002-f900-b63f-84710c7967bb","RequestPath":"/","ProcessId":15796,"ProcessName":"iisexpress","ThreadId":9,"ApplicationId":"80e86872976368d4d76a3a3000795f012fd1ac84","MachineName":"BATTLER-PC","Log4NetLevel":"INFO ","HttpRequestId":"8f20b82d-92f5-4ef0-bb5c-eeb4795ee3cd","HttpRequestNumber":1,"HttpSessionId":"0"}
{"@t":"2023-10-09T14:54:27.8404825Z","@mt":"Creating the media store, localMediaDbExists? {LocalMediaDbExists}","LocalMediaDbExists":true,"SourceContext":"Umbraco.Cms.Infrastructure.PublishedCache.PublishedSnapshotService","RequestId":"80000055-0002-f900-b63f-84710c7967bb","RequestPath":"/","ProcessId":15796,"ProcessName":"iisexpress","ThreadId":9,"ApplicationId":"80e86872976368d4d76a3a3000795f012fd1ac84","MachineName":"BATTLER-PC","Log4NetLevel":"INFO ","HttpRequestId":"8f20b82d-92f5-4ef0-bb5c-eeb4795ee3cd","HttpRequestNumber":1,"HttpSessionId":"0"}
{"@t":"2023-10-09T14:54:28.1140280Z","@mt":"{StartMessage} [Timing {TimingId}]","StartMessage":"Loading content from local cache file","TimingId":"77d0bef","SourceContext":"Umbraco.Cms.Core.Logging.ProfilingLogger","RequestId":"80000055-0002-f900-b63f-84710c7967bb","RequestPath":"/","ProcessId":15796,"ProcessName":"iisexpress","ThreadId":9,"ApplicationId":"80e86872976368d4d76a3a3000795f012fd1ac84","MachineName":"BATTLER-PC","Log4NetLevel":"INFO ","HttpRequestId":"8f20b82d-92f5-4ef0-bb5c-eeb4795ee3cd","HttpRequestNumber":1,"HttpSessionId":"0"}
{"@t":"2023-10-09T14:54:28.1391821Z","@mt":"{EndMessage} ({Duration}ms) [Timing {TimingId}]","EndMessage":"Completed.","Duration":25,"TimingId":"77d0bef","SourceContext":"Umbraco.Cms.Core.Logging.ProfilingLogger","RequestId":"80000055-0002-f900-b63f-84710c7967bb","RequestPath":"/","ProcessId":15796,"ProcessName":"iisexpress","ThreadId":9,"ApplicationId":"80e86872976368d4d76a3a3000795f012fd1ac84","MachineName":"BATTLER-PC","Log4NetLevel":"INFO ","HttpRequestId":"8f20b82d-92f5-4ef0-bb5c-eeb4795ee3cd","HttpRequestNumber":1,"HttpSessionId":"0"}
{"@t":"2023-10-09T14:54:28.1462314Z","@mt":"{StartMessage} [Timing {TimingId}]","StartMessage":"Loading media from local cache file","TimingId":"cc4e30c","SourceContext":"Umbraco.Cms.Core.Logging.ProfilingLogger","RequestId":"80000055-0002-f900-b63f-84710c7967bb","RequestPath":"/","ProcessId":15796,"ProcessName":"iisexpress","ThreadId":9,"ApplicationId":"80e86872976368d4d76a3a3000795f012fd1ac84","MachineName":"BATTLER-PC","Log4NetLevel":"INFO ","HttpRequestId":"8f20b82d-92f5-4ef0-bb5c-eeb4795ee3cd","HttpRequestNumber":1,"HttpSessionId":"0"}
{"@t":"2023-10-09T14:54:28.1468889Z","@mt":"Tried to load {entityType} from the local cache file but it was empty.","entityType":"media","SourceContext":"Umbraco.Cms.Infrastructure.PublishedCache.PublishedSnapshotService","RequestId":"80000055-0002-f900-b63f-84710c7967bb","RequestPath":"/","ProcessId":15796,"ProcessName":"iisexpress","ThreadId":9,"ApplicationId":"80e86872976368d4d76a3a3000795f012fd1ac84","MachineName":"BATTLER-PC","Log4NetLevel":"INFO ","HttpRequestId":"8f20b82d-92f5-4ef0-bb5c-eeb4795ee3cd","HttpRequestNumber":1,"HttpSessionId":"0"}
{"@t":"2023-10-09T14:54:28.1476082Z","@mt":"{EndMessage} ({Duration}ms) [Timing {TimingId}]","EndMessage":"Completed.","Duration":1,"TimingId":"cc4e30c","SourceContext":"Umbraco.Cms.Core.Logging.ProfilingLogger","RequestId":"80000055-0002-f900-b63f-84710c7967bb","RequestPath":"/","ProcessId":15796,"ProcessName":"iisexpress","ThreadId":9,"ApplicationId":"80e86872976368d4d76a3a3000795f012fd1ac84","MachineName":"BATTLER-PC","Log4NetLevel":"INFO ","HttpRequestId":"8f20b82d-92f5-4ef0-bb5c-eeb4795ee3cd","HttpRequestNumber":1,"HttpSessionId":"0"}
{"@t":"2023-10-09T14:54:28.1478547Z","@mt":"Loading media from local db raised warnings, will reload from database.","@l":"Warning","SourceContext":"Umbraco.Cms.Infrastructure.PublishedCache.PublishedSnapshotService","RequestId":"80000055-0002-f900-b63f-84710c7967bb","RequestPath":"/","ProcessId":15796,"ProcessName":"iisexpress","ThreadId":9,"ApplicationId":"80e86872976368d4d76a3a3000795f012fd1ac84","MachineName":"BATTLER-PC","Log4NetLevel":"WARN ","HttpRequestId":"8f20b82d-92f5-4ef0-bb5c-eeb4795ee3cd","HttpRequestNumber":1,"HttpSessionId":"0"}
{"@t":"2023-10-09T14:54:28.1551561Z","@mt":"{StartMessage} [Timing {TimingId}]","StartMessage":"Loading media from database","TimingId":"8f46355","SourceContext":"Umbraco.Cms.Core.Logging.ProfilingLogger","RequestId":"80000055-0002-f900-b63f-84710c7967bb","RequestPath":"/","ProcessId":15796,"ProcessName":"iisexpress","ThreadId":9,"ApplicationId":"80e86872976368d4d76a3a3000795f012fd1ac84","MachineName":"BATTLER-PC","Log4NetLevel":"INFO ","HttpRequestId":"8f20b82d-92f5-4ef0-bb5c-eeb4795ee3cd","HttpRequestNumber":1,"HttpSessionId":"0"}
{"@t":"2023-10-09T14:54:28.2697637Z","@mt":"{EndMessage} ({Duration}ms) [Timing {TimingId}]","EndMessage":"Completed.","Duration":114,"TimingId":"8f46355","SourceContext":"Umbraco.Cms.Core.Logging.ProfilingLogger","RequestId":"80000055-0002-f900-b63f-84710c7967bb","RequestPath":"/","ProcessId":15796,"ProcessName":"iisexpress","ThreadId":9,"ApplicationId":"80e86872976368d4d76a3a3000795f012fd1ac84","MachineName":"BATTLER-PC","Log4NetLevel":"INFO ","HttpRequestId":"8f20b82d-92f5-4ef0-bb5c-eeb4795ee3cd","HttpRequestNumber":1,"HttpSessionId":"0"}
{"@t":"2023-10-09T14:55:27.8892269Z","@mt":"The Delivery API is not enabled, no indexing will performed for the Delivery API content index.","SourceContext":"Umbraco.Cms.Infrastructure.Examine.DeliveryApiContentIndexPopulator","ProcessId":15796,"ProcessName":"iisexpress","ThreadId":6,"ApplicationId":"80e86872976368d4d76a3a3000795f012fd1ac84","MachineName":"BATTLER-PC","Log4NetLevel":"INFO "}
{"@t":"2023-10-09T15:12:58.2842470Z","@mt":"User logged will be logged out due to timeout: {Username}, IP Address: {IPAddress}","Username":"theyhyrik@gmail.com","IPAddress":"::1","SourceContext":"Umbraco.Cms.Web.BackOffice.Controllers.AuthenticationController","ActionId":"cc47b6a3-1120-4531-9e54-84aa1ae00221","ActionName":"Umbraco.Cms.Web.BackOffice.Controllers.AuthenticationController.GetRemainingTimeoutSeconds (Umbraco.Web.BackOffice)","RequestId":"80000028-0001-f800-b63f-84710c7967bb","RequestPath":"/umbraco/backoffice/umbracoapi/authentication/GetRemainingTimeoutSeconds","ProcessId":15796,"ProcessName":"iisexpress","ThreadId":32,"ApplicationId":"80e86872976368d4d76a3a3000795f012fd1ac84","MachineName":"BATTLER-PC","Log4NetLevel":"INFO ","HttpRequestId":"466030d2-4f3b-4fdb-8db4-b6aa9431fb2c","HttpRequestNumber":2,"HttpSessionId":"e18653a8-e234-1345-e1bf-7385ac4f806a"}
{"@t":"2023-10-09T19:56:06.4815683Z","@mt":"Acquiring MainDom.","SourceContext":"Umbraco.Cms.Core.Runtime.MainDom","ProcessId":10412,"ProcessName":"iisexpress","ThreadId":1,"ApplicationId":"80e86872976368d4d76a3a3000795f012fd1ac84","MachineName":"BATTLER-PC","Log4NetLevel":"INFO "}
{"@t":"2023-10-09T19:56:06.4920117Z","@mt":"Acquired MainDom.","SourceContext":"Umbraco.Cms.Core.Runtime.MainDom","ProcessId":10412,"ProcessName":"iisexpress","ThreadId":1,"ApplicationId":"80e86872976368d4d76a3a3000795f012fd1ac84","MachineName":"BATTLER-PC","Log4NetLevel":"INFO "}
{"@t":"2023-10-09T19:56:07.3685699Z","@mt":"Application started. Press Ctrl+C to shut down.","SourceContext":"Microsoft.Hosting.Lifetime","ProcessId":10412,"ProcessName":"iisexpress","ThreadId":1,"ApplicationId":"80e86872976368d4d76a3a3000795f012fd1ac84","MachineName":"BATTLER-PC","Log4NetLevel":"INFO "}
{"@t":"2023-10-09T19:56:07.3687809Z","@mt":"Hosting environment: {EnvName}","EnvName":"Development","SourceContext":"Microsoft.Hosting.Lifetime","ProcessId":10412,"ProcessName":"iisexpress","ThreadId":1,"ApplicationId":"80e86872976368d4d76a3a3000795f012fd1ac84","MachineName":"BATTLER-PC","Log4NetLevel":"INFO "}
{"@t":"2023-10-09T19:56:07.3689216Z","@mt":"Content root path: {ContentRoot}","ContentRoot":"E:\\Umbraco Test\\UmbracoMekashronApplication","SourceContext":"Microsoft.Hosting.Lifetime","ProcessId":10412,"ProcessName":"iisexpress","ThreadId":1,"ApplicationId":"80e86872976368d4d76a3a3000795f012fd1ac84","MachineName":"BATTLER-PC","Log4NetLevel":"INFO "}
{"@t":"2023-10-09T19:56:07.6782282Z","@mt":"Registered with MainDom, localContentDbExists? {LocalContentDbExists}, localMediaDbExists? {LocalMediaDbExists}","LocalContentDbExists":true,"LocalMediaDbExists":true,"SourceContext":"Umbraco.Cms.Infrastructure.PublishedCache.PublishedSnapshotService","RequestId":"800000be-0003-fe00-b63f-84710c7967bb","RequestPath":"/","ProcessId":10412,"ProcessName":"iisexpress","ThreadId":4,"ApplicationId":"80e86872976368d4d76a3a3000795f012fd1ac84","MachineName":"BATTLER-PC","Log4NetLevel":"INFO ","HttpRequestId":"4212d627-e9c2-4526-9057-4ce01cc61240","HttpRequestNumber":1,"HttpSessionId":"0"}
{"@t":"2023-10-09T19:56:07.6810851Z","@mt":"Creating the content store, localContentDbExists? {LocalContentDbExists}","LocalContentDbExists":true,"SourceContext":"Umbraco.Cms.Infrastructure.PublishedCache.PublishedSnapshotService","RequestId":"800000be-0003-fe00-b63f-84710c7967bb","RequestPath":"/","ProcessId":10412,"ProcessName":"iisexpress","ThreadId":4,"ApplicationId":"80e86872976368d4d76a3a3000795f012fd1ac84","MachineName":"BATTLER-PC","Log4NetLevel":"INFO ","HttpRequestId":"4212d627-e9c2-4526-9057-4ce01cc61240","HttpRequestNumber":1,"HttpSessionId":"0"}
{"@t":"2023-10-09T19:56:07.6831283Z","@mt":"Creating the media store, localMediaDbExists? {LocalMediaDbExists}","LocalMediaDbExists":true,"SourceContext":"Umbraco.Cms.Infrastructure.PublishedCache.PublishedSnapshotService","RequestId":"800000be-0003-fe00-b63f-84710c7967bb","RequestPath":"/","ProcessId":10412,"ProcessName":"iisexpress","ThreadId":4,"ApplicationId":"80e86872976368d4d76a3a3000795f012fd1ac84","MachineName":"BATTLER-PC","Log4NetLevel":"INFO ","HttpRequestId":"4212d627-e9c2-4526-9057-4ce01cc61240","HttpRequestNumber":1,"HttpSessionId":"0"}
{"@t":"2023-10-09T19:56:07.9421730Z","@mt":"{StartMessage} [Timing {TimingId}]","StartMessage":"Loading content from local cache file","TimingId":"5e25160","SourceContext":"Umbraco.Cms.Core.Logging.ProfilingLogger","RequestId":"800000be-0003-fe00-b63f-84710c7967bb","RequestPath":"/","ProcessId":10412,"ProcessName":"iisexpress","ThreadId":4,"ApplicationId":"80e86872976368d4d76a3a3000795f012fd1ac84","MachineName":"BATTLER-PC","Log4NetLevel":"INFO ","HttpRequestId":"4212d627-e9c2-4526-9057-4ce01cc61240","HttpRequestNumber":1,"HttpSessionId":"0"}
{"@t":"2023-10-09T19:56:07.9632291Z","@mt":"{EndMessage} ({Duration}ms) [Timing {TimingId}]","EndMessage":"Completed.","Duration":21,"TimingId":"5e25160","SourceContext":"Umbraco.Cms.Core.Logging.ProfilingLogger","RequestId":"800000be-0003-fe00-b63f-84710c7967bb","RequestPath":"/","ProcessId":10412,"ProcessName":"iisexpress","ThreadId":4,"ApplicationId":"80e86872976368d4d76a3a3000795f012fd1ac84","MachineName":"BATTLER-PC","Log4NetLevel":"INFO ","HttpRequestId":"4212d627-e9c2-4526-9057-4ce01cc61240","HttpRequestNumber":1,"HttpSessionId":"0"}
{"@t":"2023-10-09T19:56:07.9697026Z","@mt":"{StartMessage} [Timing {TimingId}]","StartMessage":"Loading media from local cache file","TimingId":"0d45532","SourceContext":"Umbraco.Cms.Core.Logging.ProfilingLogger","RequestId":"800000be-0003-fe00-b63f-84710c7967bb","RequestPath":"/","ProcessId":10412,"ProcessName":"iisexpress","ThreadId":4,"ApplicationId":"80e86872976368d4d76a3a3000795f012fd1ac84","MachineName":"BATTLER-PC","Log4NetLevel":"INFO ","HttpRequestId":"4212d627-e9c2-4526-9057-4ce01cc61240","HttpRequestNumber":1,"HttpSessionId":"0"}
{"@t":"2023-10-09T19:56:07.9701615Z","@mt":"Tried to load {entityType} from the local cache file but it was empty.","entityType":"media","SourceContext":"Umbraco.Cms.Infrastructure.PublishedCache.PublishedSnapshotService","RequestId":"800000be-0003-fe00-b63f-84710c7967bb","RequestPath":"/","ProcessId":10412,"ProcessName":"iisexpress","ThreadId":4,"ApplicationId":"80e86872976368d4d76a3a3000795f012fd1ac84","MachineName":"BATTLER-PC","Log4NetLevel":"INFO ","HttpRequestId":"4212d627-e9c2-4526-9057-4ce01cc61240","HttpRequestNumber":1,"HttpSessionId":"0"}
{"@t":"2023-10-09T19:56:07.9702438Z","@mt":"{EndMessage} ({Duration}ms) [Timing {TimingId}]","EndMessage":"Completed.","Duration":0,"TimingId":"0d45532","SourceContext":"Umbraco.Cms.Core.Logging.ProfilingLogger","RequestId":"800000be-0003-fe00-b63f-84710c7967bb","RequestPath":"/","ProcessId":10412,"ProcessName":"iisexpress","ThreadId":4,"ApplicationId":"80e86872976368d4d76a3a3000795f012fd1ac84","MachineName":"BATTLER-PC","Log4NetLevel":"INFO ","HttpRequestId":"4212d627-e9c2-4526-9057-4ce01cc61240","HttpRequestNumber":1,"HttpSessionId":"0"}
{"@t":"2023-10-09T19:56:07.9703465Z","@mt":"Loading media from local db raised warnings, will reload from database.","@l":"Warning","SourceContext":"Umbraco.Cms.Infrastructure.PublishedCache.PublishedSnapshotService","RequestId":"800000be-0003-fe00-b63f-84710c7967bb","RequestPath":"/","ProcessId":10412,"ProcessName":"iisexpress","ThreadId":4,"ApplicationId":"80e86872976368d4d76a3a3000795f012fd1ac84","MachineName":"BATTLER-PC","Log4NetLevel":"WARN ","HttpRequestId":"4212d627-e9c2-4526-9057-4ce01cc61240","HttpRequestNumber":1,"HttpSessionId":"0"}
{"@t":"2023-10-09T19:56:07.9723463Z","@mt":"{StartMessage} [Timing {TimingId}]","StartMessage":"Loading media from database","TimingId":"46743eb","SourceContext":"Umbraco.Cms.Core.Logging.ProfilingLogger","RequestId":"800000be-0003-fe00-b63f-84710c7967bb","RequestPath":"/","ProcessId":10412,"ProcessName":"iisexpress","ThreadId":4,"ApplicationId":"80e86872976368d4d76a3a3000795f012fd1ac84","MachineName":"BATTLER-PC","Log4NetLevel":"INFO ","HttpRequestId":"4212d627-e9c2-4526-9057-4ce01cc61240","HttpRequestNumber":1,"HttpSessionId":"0"}
{"@t":"2023-10-09T19:56:08.0642022Z","@mt":"{EndMessage} ({Duration}ms) [Timing {TimingId}]","EndMessage":"Completed.","Duration":91,"TimingId":"46743eb","SourceContext":"Umbraco.Cms.Core.Logging.ProfilingLogger","RequestId":"800000be-0003-fe00-b63f-84710c7967bb","RequestPath":"/","ProcessId":10412,"ProcessName":"iisexpress","ThreadId":4,"ApplicationId":"80e86872976368d4d76a3a3000795f012fd1ac84","MachineName":"BATTLER-PC","Log4NetLevel":"INFO ","HttpRequestId":"4212d627-e9c2-4526-9057-4ce01cc61240","HttpRequestNumber":1,"HttpSessionId":"0"}
{"@t":"2023-10-09T19:57:07.7388568Z","@mt":"The Delivery API is not enabled, no indexing will performed for the Delivery API content index.","SourceContext":"Umbraco.Cms.Infrastructure.Examine.DeliveryApiContentIndexPopulator","ProcessId":10412,"ProcessName":"iisexpress","ThreadId":8,"ApplicationId":"80e86872976368d4d76a3a3000795f012fd1ac84","MachineName":"BATTLER-PC","Log4NetLevel":"INFO "}
{"@t":"2023-10-09T20:32:49.0888280Z","@mt":"Unable to configure browser refresh script injection on the response. Consider manually adding '<script src=\"/_framework/aspnetcore-browser-refresh.js\"></script>' to the body of the page.","@l":"Warning","EventId":{"Id":3,"Name":"FailedToConfiguredForRefreshes"},"SourceContext":"Microsoft.AspNetCore.Watch.BrowserRefresh.BrowserRefreshMiddleware","RequestId":"80000065-0000-e900-b63f-84710c7967bb","RequestPath":"/","ProcessId":10412,"ProcessName":"iisexpress","ThreadId":76,"ApplicationId":"80e86872976368d4d76a3a3000795f012fd1ac84","MachineName":"BATTLER-PC","Log4NetLevel":"WARN "}
