{"@t":"2023-10-06T21:42:29.6627991Z","@mt":"{StartMessage} [Timing {TimingId}]","StartMessage":"Loading content from database","TimingId":"7b980b9","SourceContext":"Umbraco.Cms.Core.Logging.ProfilingLogger","ActionId":"06f614f5-1969-4af2-88ef-cb3e6b1fb7e7","ActionName":"Umbraco.Cms.Web.BackOffice.Controllers.ContentTypeController.PostSave (Umbraco.Web.BackOffice)","RequestId":"800000b3-0000-f200-b63f-84710c7967bb","RequestPath":"/umbraco/backoffice/umbracoapi/contenttype/PostSave","ProcessId":15668,"ProcessName":"iisexpress","ThreadId":87,"ApplicationId":"80e86872976368d4d76a3a3000795f012fd1ac84","MachineName":"BATTLER-PC","Log4NetLevel":"INFO ","HttpRequestId":"dfa45bd7-c948-4980-83b8-0e36b1efd6c6","HttpRequestNumber":3,"HttpSessionId":"509031cd-ce84-d4f2-16d2-f2382653cb29"}
{"@t":"2023-10-06T21:42:29.7327218Z","@mt":"{EndMessage} ({Duration}ms) [Timing {TimingId}]","EndMessage":"Completed.","Duration":69,"TimingId":"7b980b9","SourceContext":"Umbraco.Cms.Core.Logging.ProfilingLogger","ActionId":"06f614f5-1969-4af2-88ef-cb3e6b1fb7e7","ActionName":"Umbraco.Cms.Web.BackOffice.Controllers.ContentTypeController.PostSave (Umbraco.Web.BackOffice)","RequestId":"800000b3-0000-f200-b63f-84710c7967bb","RequestPath":"/umbraco/backoffice/umbracoapi/contenttype/PostSave","ProcessId":15668,"ProcessName":"iisexpress","ThreadId":87,"ApplicationId":"80e86872976368d4d76a3a3000795f012fd1ac84","MachineName":"BATTLER-PC","Log4NetLevel":"INFO ","HttpRequestId":"dfa45bd7-c948-4980-83b8-0e36b1efd6c6","HttpRequestNumber":3,"HttpSessionId":"509031cd-ce84-d4f2-16d2-f2382653cb29"}
{"@t":"2023-10-06T21:42:29.7358792Z","@mt":"{StartMessage} [Timing {TimingId}]","StartMessage":"Loading media from database","TimingId":"22dd646","SourceContext":"Umbraco.Cms.Core.Logging.ProfilingLogger","ActionId":"06f614f5-1969-4af2-88ef-cb3e6b1fb7e7","ActionName":"Umbraco.Cms.Web.BackOffice.Controllers.ContentTypeController.PostSave (Umbraco.Web.BackOffice)","RequestId":"800000b3-0000-f200-b63f-84710c7967bb","RequestPath":"/umbraco/backoffice/umbracoapi/contenttype/PostSave","ProcessId":15668,"ProcessName":"iisexpress","ThreadId":87,"ApplicationId":"80e86872976368d4d76a3a3000795f012fd1ac84","MachineName":"BATTLER-PC","Log4NetLevel":"INFO ","HttpRequestId":"dfa45bd7-c948-4980-83b8-0e36b1efd6c6","HttpRequestNumber":3,"HttpSessionId":"509031cd-ce84-d4f2-16d2-f2382653cb29"}
{"@t":"2023-10-06T21:42:29.7595491Z","@mt":"{EndMessage} ({Duration}ms) [Timing {TimingId}]","EndMessage":"Completed.","Duration":23,"TimingId":"22dd646","SourceContext":"Umbraco.Cms.Core.Logging.ProfilingLogger","ActionId":"06f614f5-1969-4af2-88ef-cb3e6b1fb7e7","ActionName":"Umbraco.Cms.Web.BackOffice.Controllers.ContentTypeController.PostSave (Umbraco.Web.BackOffice)","RequestId":"800000b3-0000-f200-b63f-84710c7967bb","RequestPath":"/umbraco/backoffice/umbracoapi/contenttype/PostSave","ProcessId":15668,"ProcessName":"iisexpress","ThreadId":87,"ApplicationId":"80e86872976368d4d76a3a3000795f012fd1ac84","MachineName":"BATTLER-PC","Log4NetLevel":"INFO ","HttpRequestId":"dfa45bd7-c948-4980-83b8-0e36b1efd6c6","HttpRequestNumber":3,"HttpSessionId":"509031cd-ce84-d4f2-16d2-f2382653cb29"}
{"@t":"2023-10-06T21:42:29.7657533Z","@mt":"Adding examine event handlers for {RegisteredIndexers} index providers.","RegisteredIndexers":3,"SourceContext":"Umbraco.Cms.Infrastructure.Examine.ExamineUmbracoIndexingHandler","ActionId":"06f614f5-1969-4af2-88ef-cb3e6b1fb7e7","ActionName":"Umbraco.Cms.Web.BackOffice.Controllers.ContentTypeController.PostSave (Umbraco.Web.BackOffice)","RequestId":"800000b3-0000-f200-b63f-84710c7967bb","RequestPath":"/umbraco/backoffice/umbracoapi/contenttype/PostSave","ProcessId":15668,"ProcessName":"iisexpress","ThreadId":87,"ApplicationId":"80e86872976368d4d76a3a3000795f012fd1ac84","MachineName":"BATTLER-PC","Log4NetLevel":"INFO ","HttpRequestId":"dfa45bd7-c948-4980-83b8-0e36b1efd6c6","HttpRequestNumber":3,"HttpSessionId":"509031cd-ce84-d4f2-16d2-f2382653cb29"}
{"@t":"2023-10-06T21:43:05.2412541Z","@mt":"Document {ContentName} (id={ContentId}) has been published.","ContentName":"Content page test","ContentId":0,"SourceContext":"Umbraco.Cms.Core.Services.ContentService","ActionId":"dc56614a-c533-42a5-a880-c6e68e5e6174","ActionName":"Umbraco.Cms.Web.BackOffice.Controllers.ContentController.PostSave (Umbraco.Web.BackOffice)","RequestId":"80000018-0001-f900-b63f-84710c7967bb","RequestPath":"/umbraco/backoffice/umbracoapi/content/PostSave","ProcessId":15668,"ProcessName":"iisexpress","ThreadId":90,"ApplicationId":"80e86872976368d4d76a3a3000795f012fd1ac84","MachineName":"BATTLER-PC","Log4NetLevel":"INFO ","HttpRequestId":"63ea733b-298f-4f7f-9c67-66ba3eb95a93","HttpRequestNumber":4,"HttpSessionId":"44f8a7ba-afae-acbf-9bdf-837e452595b3"}
{"@t":"2023-10-06T21:46:54.5649959Z","@mt":"Document {ContentName} (id={ContentId}) has been published.","ContentName":"Content page test","ContentId":1067,"SourceContext":"Umbraco.Cms.Core.Services.ContentService","ActionId":"dc56614a-c533-42a5-a880-c6e68e5e6174","ActionName":"Umbraco.Cms.Web.BackOffice.Controllers.ContentController.PostSave (Umbraco.Web.BackOffice)","RequestId":"80000045-0000-ee00-b63f-84710c7967bb","RequestPath":"/umbraco/backoffice/umbracoapi/content/PostSave","ProcessId":15668,"ProcessName":"iisexpress","ThreadId":89,"ApplicationId":"80e86872976368d4d76a3a3000795f012fd1ac84","MachineName":"BATTLER-PC","Log4NetLevel":"INFO ","HttpRequestId":"e4506eb6-f98d-42b2-9b9d-a95cecb6e4a6","HttpRequestNumber":5,"HttpSessionId":"e8b1aa1e-bb3c-afc4-1c94-a8b1a422e063"}
{"@t":"2023-10-06T21:49:19.8883596Z","@mt":"{StartMessage} [Timing {TimingId}]","StartMessage":"Loading content from database","TimingId":"49819e6","SourceContext":"Umbraco.Cms.Core.Logging.ProfilingLogger","ActionId":"06f614f5-1969-4af2-88ef-cb3e6b1fb7e7","ActionName":"Umbraco.Cms.Web.BackOffice.Controllers.ContentTypeController.PostSave (Umbraco.Web.BackOffice)","RequestId":"8000003c-0002-dc00-b63f-84710c7967bb","RequestPath":"/umbraco/backoffice/umbracoapi/contenttype/PostSave","ProcessId":15668,"ProcessName":"iisexpress","ThreadId":92,"ApplicationId":"80e86872976368d4d76a3a3000795f012fd1ac84","MachineName":"BATTLER-PC","Log4NetLevel":"INFO ","HttpRequestId":"0733c4f4-13a9-46a2-a96e-a256e4014e47","HttpRequestNumber":6,"HttpSessionId":"d7ba280f-1a5b-a5e1-b532-b893dc36e9cb"}
{"@t":"2023-10-06T21:49:19.9147559Z","@mt":"{EndMessage} ({Duration}ms) [Timing {TimingId}]","EndMessage":"Completed.","Duration":26,"TimingId":"49819e6","SourceContext":"Umbraco.Cms.Core.Logging.ProfilingLogger","ActionId":"06f614f5-1969-4af2-88ef-cb3e6b1fb7e7","ActionName":"Umbraco.Cms.Web.BackOffice.Controllers.ContentTypeController.PostSave (Umbraco.Web.BackOffice)","RequestId":"8000003c-0002-dc00-b63f-84710c7967bb","RequestPath":"/umbraco/backoffice/umbracoapi/contenttype/PostSave","ProcessId":15668,"ProcessName":"iisexpress","ThreadId":92,"ApplicationId":"80e86872976368d4d76a3a3000795f012fd1ac84","MachineName":"BATTLER-PC","Log4NetLevel":"INFO ","HttpRequestId":"0733c4f4-13a9-46a2-a96e-a256e4014e47","HttpRequestNumber":6,"HttpSessionId":"d7ba280f-1a5b-a5e1-b532-b893dc36e9cb"}
{"@t":"2023-10-06T21:49:19.9153071Z","@mt":"{StartMessage} [Timing {TimingId}]","StartMessage":"Loading media from database","TimingId":"631aed4","SourceContext":"Umbraco.Cms.Core.Logging.ProfilingLogger","ActionId":"06f614f5-1969-4af2-88ef-cb3e6b1fb7e7","ActionName":"Umbraco.Cms.Web.BackOffice.Controllers.ContentTypeController.PostSave (Umbraco.Web.BackOffice)","RequestId":"8000003c-0002-dc00-b63f-84710c7967bb","RequestPath":"/umbraco/backoffice/umbracoapi/contenttype/PostSave","ProcessId":15668,"ProcessName":"iisexpress","ThreadId":92,"ApplicationId":"80e86872976368d4d76a3a3000795f012fd1ac84","MachineName":"BATTLER-PC","Log4NetLevel":"INFO ","HttpRequestId":"0733c4f4-13a9-46a2-a96e-a256e4014e47","HttpRequestNumber":6,"HttpSessionId":"d7ba280f-1a5b-a5e1-b532-b893dc36e9cb"}
{"@t":"2023-10-06T21:49:19.9384710Z","@mt":"{EndMessage} ({Duration}ms) [Timing {TimingId}]","EndMessage":"Completed.","Duration":23,"TimingId":"631aed4","SourceContext":"Umbraco.Cms.Core.Logging.ProfilingLogger","ActionId":"06f614f5-1969-4af2-88ef-cb3e6b1fb7e7","ActionName":"Umbraco.Cms.Web.BackOffice.Controllers.ContentTypeController.PostSave (Umbraco.Web.BackOffice)","RequestId":"8000003c-0002-dc00-b63f-84710c7967bb","RequestPath":"/umbraco/backoffice/umbracoapi/contenttype/PostSave","ProcessId":15668,"ProcessName":"iisexpress","ThreadId":92,"ApplicationId":"80e86872976368d4d76a3a3000795f012fd1ac84","MachineName":"BATTLER-PC","Log4NetLevel":"INFO ","HttpRequestId":"0733c4f4-13a9-46a2-a96e-a256e4014e47","HttpRequestNumber":6,"HttpSessionId":"d7ba280f-1a5b-a5e1-b532-b893dc36e9cb"}
{"@t":"2023-10-06T21:52:29.9317277Z","@mt":"{StartMessage} [Timing {TimingId}]","StartMessage":"Loading content from database","TimingId":"7a656df","SourceContext":"Umbraco.Cms.Core.Logging.ProfilingLogger","ActionId":"06f614f5-1969-4af2-88ef-cb3e6b1fb7e7","ActionName":"Umbraco.Cms.Web.BackOffice.Controllers.ContentTypeController.PostSave (Umbraco.Web.BackOffice)","RequestId":"800000a8-0001-f300-b63f-84710c7967bb","RequestPath":"/umbraco/backoffice/umbracoapi/contenttype/PostSave","ProcessId":15668,"ProcessName":"iisexpress","ThreadId":85,"ApplicationId":"80e86872976368d4d76a3a3000795f012fd1ac84","MachineName":"BATTLER-PC","Log4NetLevel":"INFO ","HttpRequestId":"ea1f31e9-d977-4e9f-a585-5481d94c3168","HttpRequestNumber":7,"HttpSessionId":"5ee958a8-0288-d6f7-f742-2be20b43258d"}
{"@t":"2023-10-06T21:52:29.9581099Z","@mt":"{EndMessage} ({Duration}ms) [Timing {TimingId}]","EndMessage":"Completed.","Duration":26,"TimingId":"7a656df","SourceContext":"Umbraco.Cms.Core.Logging.ProfilingLogger","ActionId":"06f614f5-1969-4af2-88ef-cb3e6b1fb7e7","ActionName":"Umbraco.Cms.Web.BackOffice.Controllers.ContentTypeController.PostSave (Umbraco.Web.BackOffice)","RequestId":"800000a8-0001-f300-b63f-84710c7967bb","RequestPath":"/umbraco/backoffice/umbracoapi/contenttype/PostSave","ProcessId":15668,"ProcessName":"iisexpress","ThreadId":85,"ApplicationId":"80e86872976368d4d76a3a3000795f012fd1ac84","MachineName":"BATTLER-PC","Log4NetLevel":"INFO ","HttpRequestId":"ea1f31e9-d977-4e9f-a585-5481d94c3168","HttpRequestNumber":7,"HttpSessionId":"5ee958a8-0288-d6f7-f742-2be20b43258d"}
{"@t":"2023-10-06T21:52:29.9585719Z","@mt":"{StartMessage} [Timing {TimingId}]","StartMessage":"Loading media from database","TimingId":"32dfe06","SourceContext":"Umbraco.Cms.Core.Logging.ProfilingLogger","ActionId":"06f614f5-1969-4af2-88ef-cb3e6b1fb7e7","ActionName":"Umbraco.Cms.Web.BackOffice.Controllers.ContentTypeController.PostSave (Umbraco.Web.BackOffice)","RequestId":"800000a8-0001-f300-b63f-84710c7967bb","RequestPath":"/umbraco/backoffice/umbracoapi/contenttype/PostSave","ProcessId":15668,"ProcessName":"iisexpress","ThreadId":85,"ApplicationId":"80e86872976368d4d76a3a3000795f012fd1ac84","MachineName":"BATTLER-PC","Log4NetLevel":"INFO ","HttpRequestId":"ea1f31e9-d977-4e9f-a585-5481d94c3168","HttpRequestNumber":7,"HttpSessionId":"5ee958a8-0288-d6f7-f742-2be20b43258d"}
{"@t":"2023-10-06T21:52:29.9828747Z","@mt":"{EndMessage} ({Duration}ms) [Timing {TimingId}]","EndMessage":"Completed.","Duration":24,"TimingId":"32dfe06","SourceContext":"Umbraco.Cms.Core.Logging.ProfilingLogger","ActionId":"06f614f5-1969-4af2-88ef-cb3e6b1fb7e7","ActionName":"Umbraco.Cms.Web.BackOffice.Controllers.ContentTypeController.PostSave (Umbraco.Web.BackOffice)","RequestId":"800000a8-0001-f300-b63f-84710c7967bb","RequestPath":"/umbraco/backoffice/umbracoapi/contenttype/PostSave","ProcessId":15668,"ProcessName":"iisexpress","ThreadId":85,"ApplicationId":"80e86872976368d4d76a3a3000795f012fd1ac84","MachineName":"BATTLER-PC","Log4NetLevel":"INFO ","HttpRequestId":"ea1f31e9-d977-4e9f-a585-5481d94c3168","HttpRequestNumber":7,"HttpSessionId":"5ee958a8-0288-d6f7-f742-2be20b43258d"}
{"@t":"2023-10-06T21:54:22.7110938Z","@mt":"{StartMessage} [Timing {TimingId}]","StartMessage":"Loading content from database","TimingId":"3d799c6","SourceContext":"Umbraco.Cms.Core.Logging.ProfilingLogger","ActionId":"06f614f5-1969-4af2-88ef-cb3e6b1fb7e7","ActionName":"Umbraco.Cms.Web.BackOffice.Controllers.ContentTypeController.PostSave (Umbraco.Web.BackOffice)","RequestId":"80000088-0003-fd00-b63f-84710c7967bb","RequestPath":"/umbraco/backoffice/umbracoapi/contenttype/PostSave","ProcessId":15668,"ProcessName":"iisexpress","ThreadId":92,"ApplicationId":"80e86872976368d4d76a3a3000795f012fd1ac84","MachineName":"BATTLER-PC","Log4NetLevel":"INFO ","HttpRequestId":"4932f030-4d7c-4f27-b3fa-4fa2d4d6757a","HttpRequestNumber":8,"HttpSessionId":"6c699ec7-fa28-846a-984a-59a761dfd8e0"}
{"@t":"2023-10-06T21:54:22.7328405Z","@mt":"{EndMessage} ({Duration}ms) [Timing {TimingId}]","EndMessage":"Completed.","Duration":21,"TimingId":"3d799c6","SourceContext":"Umbraco.Cms.Core.Logging.ProfilingLogger","ActionId":"06f614f5-1969-4af2-88ef-cb3e6b1fb7e7","ActionName":"Umbraco.Cms.Web.BackOffice.Controllers.ContentTypeController.PostSave (Umbraco.Web.BackOffice)","RequestId":"80000088-0003-fd00-b63f-84710c7967bb","RequestPath":"/umbraco/backoffice/umbracoapi/contenttype/PostSave","ProcessId":15668,"ProcessName":"iisexpress","ThreadId":92,"ApplicationId":"80e86872976368d4d76a3a3000795f012fd1ac84","MachineName":"BATTLER-PC","Log4NetLevel":"INFO ","HttpRequestId":"4932f030-4d7c-4f27-b3fa-4fa2d4d6757a","HttpRequestNumber":8,"HttpSessionId":"6c699ec7-fa28-846a-984a-59a761dfd8e0"}
{"@t":"2023-10-06T21:54:22.7331249Z","@mt":"{StartMessage} [Timing {TimingId}]","StartMessage":"Loading media from database","TimingId":"94ee1f2","SourceContext":"Umbraco.Cms.Core.Logging.ProfilingLogger","ActionId":"06f614f5-1969-4af2-88ef-cb3e6b1fb7e7","ActionName":"Umbraco.Cms.Web.BackOffice.Controllers.ContentTypeController.PostSave (Umbraco.Web.BackOffice)","RequestId":"80000088-0003-fd00-b63f-84710c7967bb","RequestPath":"/umbraco/backoffice/umbracoapi/contenttype/PostSave","ProcessId":15668,"ProcessName":"iisexpress","ThreadId":92,"ApplicationId":"80e86872976368d4d76a3a3000795f012fd1ac84","MachineName":"BATTLER-PC","Log4NetLevel":"INFO ","HttpRequestId":"4932f030-4d7c-4f27-b3fa-4fa2d4d6757a","HttpRequestNumber":8,"HttpSessionId":"6c699ec7-fa28-846a-984a-59a761dfd8e0"}
{"@t":"2023-10-06T21:54:22.7562347Z","@mt":"{EndMessage} ({Duration}ms) [Timing {TimingId}]","EndMessage":"Completed.","Duration":23,"TimingId":"94ee1f2","SourceContext":"Umbraco.Cms.Core.Logging.ProfilingLogger","ActionId":"06f614f5-1969-4af2-88ef-cb3e6b1fb7e7","ActionName":"Umbraco.Cms.Web.BackOffice.Controllers.ContentTypeController.PostSave (Umbraco.Web.BackOffice)","RequestId":"80000088-0003-fd00-b63f-84710c7967bb","RequestPath":"/umbraco/backoffice/umbracoapi/contenttype/PostSave","ProcessId":15668,"ProcessName":"iisexpress","ThreadId":92,"ApplicationId":"80e86872976368d4d76a3a3000795f012fd1ac84","MachineName":"BATTLER-PC","Log4NetLevel":"INFO ","HttpRequestId":"4932f030-4d7c-4f27-b3fa-4fa2d4d6757a","HttpRequestNumber":8,"HttpSessionId":"6c699ec7-fa28-846a-984a-59a761dfd8e0"}
{"@t":"2023-10-06T21:55:10.8394050Z","@mt":"Unable to configure browser refresh script injection on the response. Consider manually adding '<script src=\"/_framework/aspnetcore-browser-refresh.js\"></script>' to the body of the page.","@l":"Warning","EventId":{"Id":3,"Name":"FailedToConfiguredForRefreshes"},"SourceContext":"Microsoft.AspNetCore.Watch.BrowserRefresh.BrowserRefreshMiddleware","RequestId":"800000ff-0000-ef00-b63f-84710c7967bb","RequestPath":"/content-page-test/","ProcessId":15668,"ProcessName":"iisexpress","ThreadId":92,"ApplicationId":"80e86872976368d4d76a3a3000795f012fd1ac84","MachineName":"BATTLER-PC","Log4NetLevel":"WARN "}
{"@t":"2023-10-06T21:57:09.9105237Z","@mt":"Unable to configure browser refresh script injection on the response. Consider manually adding '<script src=\"/_framework/aspnetcore-browser-refresh.js\"></script>' to the body of the page.","@l":"Warning","EventId":{"Id":3,"Name":"FailedToConfiguredForRefreshes"},"SourceContext":"Microsoft.AspNetCore.Watch.BrowserRefresh.BrowserRefreshMiddleware","RequestId":"800000c0-0001-f300-b63f-84710c7967bb","RequestPath":"/content-page-test/","ProcessId":15668,"ProcessName":"iisexpress","ThreadId":85,"ApplicationId":"80e86872976368d4d76a3a3000795f012fd1ac84","MachineName":"BATTLER-PC","Log4NetLevel":"WARN "}
{"@t":"2023-10-06T21:59:45.8810907Z","@mt":"{StartMessage} [Timing {TimingId}]","StartMessage":"Loading content from database","TimingId":"21d575f","SourceContext":"Umbraco.Cms.Core.Logging.ProfilingLogger","ActionId":"06f614f5-1969-4af2-88ef-cb3e6b1fb7e7","ActionName":"Umbraco.Cms.Web.BackOffice.Controllers.ContentTypeController.PostSave (Umbraco.Web.BackOffice)","RequestId":"800000d0-0001-f300-b63f-84710c7967bb","RequestPath":"/umbraco/backoffice/umbracoapi/contenttype/PostSave","ProcessId":15668,"ProcessName":"iisexpress","ThreadId":69,"ApplicationId":"80e86872976368d4d76a3a3000795f012fd1ac84","MachineName":"BATTLER-PC","Log4NetLevel":"INFO ","HttpRequestId":"4d4612e0-e852-4c5e-b308-ede706953fa2","HttpRequestNumber":9,"HttpSessionId":"193db52d-c45b-af3f-9642-003c9e736907"}
{"@t":"2023-10-06T21:59:45.9163662Z","@mt":"{EndMessage} ({Duration}ms) [Timing {TimingId}]","EndMessage":"Completed.","Duration":35,"TimingId":"21d575f","SourceContext":"Umbraco.Cms.Core.Logging.ProfilingLogger","ActionId":"06f614f5-1969-4af2-88ef-cb3e6b1fb7e7","ActionName":"Umbraco.Cms.Web.BackOffice.Controllers.ContentTypeController.PostSave (Umbraco.Web.BackOffice)","RequestId":"800000d0-0001-f300-b63f-84710c7967bb","RequestPath":"/umbraco/backoffice/umbracoapi/contenttype/PostSave","ProcessId":15668,"ProcessName":"iisexpress","ThreadId":69,"ApplicationId":"80e86872976368d4d76a3a3000795f012fd1ac84","MachineName":"BATTLER-PC","Log4NetLevel":"INFO ","HttpRequestId":"4d4612e0-e852-4c5e-b308-ede706953fa2","HttpRequestNumber":9,"HttpSessionId":"193db52d-c45b-af3f-9642-003c9e736907"}
{"@t":"2023-10-06T21:59:45.9167116Z","@mt":"{StartMessage} [Timing {TimingId}]","StartMessage":"Loading media from database","TimingId":"285b1cf","SourceContext":"Umbraco.Cms.Core.Logging.ProfilingLogger","ActionId":"06f614f5-1969-4af2-88ef-cb3e6b1fb7e7","ActionName":"Umbraco.Cms.Web.BackOffice.Controllers.ContentTypeController.PostSave (Umbraco.Web.BackOffice)","RequestId":"800000d0-0001-f300-b63f-84710c7967bb","RequestPath":"/umbraco/backoffice/umbracoapi/contenttype/PostSave","ProcessId":15668,"ProcessName":"iisexpress","ThreadId":69,"ApplicationId":"80e86872976368d4d76a3a3000795f012fd1ac84","MachineName":"BATTLER-PC","Log4NetLevel":"INFO ","HttpRequestId":"4d4612e0-e852-4c5e-b308-ede706953fa2","HttpRequestNumber":9,"HttpSessionId":"193db52d-c45b-af3f-9642-003c9e736907"}
{"@t":"2023-10-06T21:59:45.9382620Z","@mt":"{EndMessage} ({Duration}ms) [Timing {TimingId}]","EndMessage":"Completed.","Duration":21,"TimingId":"285b1cf","SourceContext":"Umbraco.Cms.Core.Logging.ProfilingLogger","ActionId":"06f614f5-1969-4af2-88ef-cb3e6b1fb7e7","ActionName":"Umbraco.Cms.Web.BackOffice.Controllers.ContentTypeController.PostSave (Umbraco.Web.BackOffice)","RequestId":"800000d0-0001-f300-b63f-84710c7967bb","RequestPath":"/umbraco/backoffice/umbracoapi/contenttype/PostSave","ProcessId":15668,"ProcessName":"iisexpress","ThreadId":69,"ApplicationId":"80e86872976368d4d76a3a3000795f012fd1ac84","MachineName":"BATTLER-PC","Log4NetLevel":"INFO ","HttpRequestId":"4d4612e0-e852-4c5e-b308-ede706953fa2","HttpRequestNumber":9,"HttpSessionId":"193db52d-c45b-af3f-9642-003c9e736907"}
{"@t":"2023-10-06T22:57:49.3060683Z","@mt":"User logged will be logged out due to timeout: {Username}, IP Address: {IPAddress}","Username":"theyhyrik@gmail.com","IPAddress":"::1","SourceContext":"Umbraco.Cms.Web.BackOffice.Controllers.AuthenticationController","ActionId":"27bf4514-044c-48f0-a9b5-957a9dc1c7e4","ActionName":"Umbraco.Cms.Web.BackOffice.Controllers.AuthenticationController.GetRemainingTimeoutSeconds (Umbraco.Web.BackOffice)","RequestId":"80000027-0002-d900-b63f-84710c7967bb","RequestPath":"/umbraco/backoffice/umbracoapi/authentication/GetRemainingTimeoutSeconds","ProcessId":15668,"ProcessName":"iisexpress","ThreadId":51,"ApplicationId":"80e86872976368d4d76a3a3000795f012fd1ac84","MachineName":"BATTLER-PC","Log4NetLevel":"INFO ","HttpRequestId":"4b4d69e7-3e92-49a8-b562-78b05ee3f1d2","HttpRequestNumber":10,"HttpSessionId":"57f417ec-05ce-b59f-979a-0e773fb67e6d"}
{"@t":"2023-10-07T13:43:23.0888502Z","@mt":"Acquiring MainDom.","SourceContext":"Umbraco.Cms.Core.Runtime.MainDom","ProcessId":15224,"ProcessName":"iisexpress","ThreadId":1,"ApplicationId":"80e86872976368d4d76a3a3000795f012fd1ac84","MachineName":"BATTLER-PC","Log4NetLevel":"INFO "}
{"@t":"2023-10-07T13:43:23.0992873Z","@mt":"Acquired MainDom.","SourceContext":"Umbraco.Cms.Core.Runtime.MainDom","ProcessId":15224,"ProcessName":"iisexpress","ThreadId":1,"ApplicationId":"80e86872976368d4d76a3a3000795f012fd1ac84","MachineName":"BATTLER-PC","Log4NetLevel":"INFO "}
{"@t":"2023-10-07T13:43:24.3987197Z","@mt":"Application started. Press Ctrl+C to shut down.","SourceContext":"Microsoft.Hosting.Lifetime","ProcessId":15224,"ProcessName":"iisexpress","ThreadId":1,"ApplicationId":"80e86872976368d4d76a3a3000795f012fd1ac84","MachineName":"BATTLER-PC","Log4NetLevel":"INFO "}
{"@t":"2023-10-07T13:43:24.3991049Z","@mt":"Hosting environment: {EnvName}","EnvName":"Development","SourceContext":"Microsoft.Hosting.Lifetime","ProcessId":15224,"ProcessName":"iisexpress","ThreadId":1,"ApplicationId":"80e86872976368d4d76a3a3000795f012fd1ac84","MachineName":"BATTLER-PC","Log4NetLevel":"INFO "}
{"@t":"2023-10-07T13:43:24.3992407Z","@mt":"Content root path: {ContentRoot}","ContentRoot":"E:\\Umbraco Test\\UmbracoMekashronApplication","SourceContext":"Microsoft.Hosting.Lifetime","ProcessId":15224,"ProcessName":"iisexpress","ThreadId":1,"ApplicationId":"80e86872976368d4d76a3a3000795f012fd1ac84","MachineName":"BATTLER-PC","Log4NetLevel":"INFO "}
{"@t":"2023-10-07T13:43:24.8362371Z","@mt":"Registered with MainDom, localContentDbExists? {LocalContentDbExists}, localMediaDbExists? {LocalMediaDbExists}","LocalContentDbExists":true,"LocalMediaDbExists":true,"SourceContext":"Umbraco.Cms.Infrastructure.PublishedCache.PublishedSnapshotService","RequestId":"80000003-0000-fc00-b63f-84710c7967bb","RequestPath":"/","ProcessId":15224,"ProcessName":"iisexpress","ThreadId":6,"ApplicationId":"80e86872976368d4d76a3a3000795f012fd1ac84","MachineName":"BATTLER-PC","Log4NetLevel":"INFO ","HttpRequestId":"b673a71a-8832-4629-80ac-6106bccda9cb","HttpRequestNumber":1,"HttpSessionId":"0"}
{"@t":"2023-10-07T13:43:24.8410610Z","@mt":"Creating the content store, localContentDbExists? {LocalContentDbExists}","LocalContentDbExists":true,"SourceContext":"Umbraco.Cms.Infrastructure.PublishedCache.PublishedSnapshotService","RequestId":"80000003-0000-fc00-b63f-84710c7967bb","RequestPath":"/","ProcessId":15224,"ProcessName":"iisexpress","ThreadId":6,"ApplicationId":"80e86872976368d4d76a3a3000795f012fd1ac84","MachineName":"BATTLER-PC","Log4NetLevel":"INFO ","HttpRequestId":"b673a71a-8832-4629-80ac-6106bccda9cb","HttpRequestNumber":1,"HttpSessionId":"0"}
{"@t":"2023-10-07T13:43:24.8428856Z","@mt":"Creating the media store, localMediaDbExists? {LocalMediaDbExists}","LocalMediaDbExists":true,"SourceContext":"Umbraco.Cms.Infrastructure.PublishedCache.PublishedSnapshotService","RequestId":"80000003-0000-fc00-b63f-84710c7967bb","RequestPath":"/","ProcessId":15224,"ProcessName":"iisexpress","ThreadId":6,"ApplicationId":"80e86872976368d4d76a3a3000795f012fd1ac84","MachineName":"BATTLER-PC","Log4NetLevel":"INFO ","HttpRequestId":"b673a71a-8832-4629-80ac-6106bccda9cb","HttpRequestNumber":1,"HttpSessionId":"0"}
{"@t":"2023-10-07T13:43:25.1602452Z","@mt":"{StartMessage} [Timing {TimingId}]","StartMessage":"Loading content from local cache file","TimingId":"807bd96","SourceContext":"Umbraco.Cms.Core.Logging.ProfilingLogger","RequestId":"80000003-0000-fc00-b63f-84710c7967bb","RequestPath":"/","ProcessId":15224,"ProcessName":"iisexpress","ThreadId":6,"ApplicationId":"80e86872976368d4d76a3a3000795f012fd1ac84","MachineName":"BATTLER-PC","Log4NetLevel":"INFO ","HttpRequestId":"b673a71a-8832-4629-80ac-6106bccda9cb","HttpRequestNumber":1,"HttpSessionId":"0"}
{"@t":"2023-10-07T13:43:25.1822038Z","@mt":"{EndMessage} ({Duration}ms) [Timing {TimingId}]","EndMessage":"Completed.","Duration":22,"TimingId":"807bd96","SourceContext":"Umbraco.Cms.Core.Logging.ProfilingLogger","RequestId":"80000003-0000-fc00-b63f-84710c7967bb","RequestPath":"/","ProcessId":15224,"ProcessName":"iisexpress","ThreadId":6,"ApplicationId":"80e86872976368d4d76a3a3000795f012fd1ac84","MachineName":"BATTLER-PC","Log4NetLevel":"INFO ","HttpRequestId":"b673a71a-8832-4629-80ac-6106bccda9cb","HttpRequestNumber":1,"HttpSessionId":"0"}
{"@t":"2023-10-07T13:43:25.1893564Z","@mt":"{StartMessage} [Timing {TimingId}]","StartMessage":"Loading media from local cache file","TimingId":"c383389","SourceContext":"Umbraco.Cms.Core.Logging.ProfilingLogger","RequestId":"80000003-0000-fc00-b63f-84710c7967bb","RequestPath":"/","ProcessId":15224,"ProcessName":"iisexpress","ThreadId":6,"ApplicationId":"80e86872976368d4d76a3a3000795f012fd1ac84","MachineName":"BATTLER-PC","Log4NetLevel":"INFO ","HttpRequestId":"b673a71a-8832-4629-80ac-6106bccda9cb","HttpRequestNumber":1,"HttpSessionId":"0"}
{"@t":"2023-10-07T13:43:25.1898756Z","@mt":"Tried to load {entityType} from the local cache file but it was empty.","entityType":"media","SourceContext":"Umbraco.Cms.Infrastructure.PublishedCache.PublishedSnapshotService","RequestId":"80000003-0000-fc00-b63f-84710c7967bb","RequestPath":"/","ProcessId":15224,"ProcessName":"iisexpress","ThreadId":6,"ApplicationId":"80e86872976368d4d76a3a3000795f012fd1ac84","MachineName":"BATTLER-PC","Log4NetLevel":"INFO ","HttpRequestId":"b673a71a-8832-4629-80ac-6106bccda9cb","HttpRequestNumber":1,"HttpSessionId":"0"}
{"@t":"2023-10-07T13:43:25.1899726Z","@mt":"{EndMessage} ({Duration}ms) [Timing {TimingId}]","EndMessage":"Completed.","Duration":0,"TimingId":"c383389","SourceContext":"Umbraco.Cms.Core.Logging.ProfilingLogger","RequestId":"80000003-0000-fc00-b63f-84710c7967bb","RequestPath":"/","ProcessId":15224,"ProcessName":"iisexpress","ThreadId":6,"ApplicationId":"80e86872976368d4d76a3a3000795f012fd1ac84","MachineName":"BATTLER-PC","Log4NetLevel":"INFO ","HttpRequestId":"b673a71a-8832-4629-80ac-6106bccda9cb","HttpRequestNumber":1,"HttpSessionId":"0"}
{"@t":"2023-10-07T13:43:25.1900771Z","@mt":"Loading media from local db raised warnings, will reload from database.","@l":"Warning","SourceContext":"Umbraco.Cms.Infrastructure.PublishedCache.PublishedSnapshotService","RequestId":"80000003-0000-fc00-b63f-84710c7967bb","RequestPath":"/","ProcessId":15224,"ProcessName":"iisexpress","ThreadId":6,"ApplicationId":"80e86872976368d4d76a3a3000795f012fd1ac84","MachineName":"BATTLER-PC","Log4NetLevel":"WARN ","HttpRequestId":"b673a71a-8832-4629-80ac-6106bccda9cb","HttpRequestNumber":1,"HttpSessionId":"0"}
{"@t":"2023-10-07T13:43:25.1919381Z","@mt":"{StartMessage} [Timing {TimingId}]","StartMessage":"Loading media from database","TimingId":"72e1dbd","SourceContext":"Umbraco.Cms.Core.Logging.ProfilingLogger","RequestId":"80000003-0000-fc00-b63f-84710c7967bb","RequestPath":"/","ProcessId":15224,"ProcessName":"iisexpress","ThreadId":6,"ApplicationId":"80e86872976368d4d76a3a3000795f012fd1ac84","MachineName":"BATTLER-PC","Log4NetLevel":"INFO ","HttpRequestId":"b673a71a-8832-4629-80ac-6106bccda9cb","HttpRequestNumber":1,"HttpSessionId":"0"}
{"@t":"2023-10-07T13:43:25.2942483Z","@mt":"{EndMessage} ({Duration}ms) [Timing {TimingId}]","EndMessage":"Completed.","Duration":102,"TimingId":"72e1dbd","SourceContext":"Umbraco.Cms.Core.Logging.ProfilingLogger","RequestId":"80000003-0000-fc00-b63f-84710c7967bb","RequestPath":"/","ProcessId":15224,"ProcessName":"iisexpress","ThreadId":6,"ApplicationId":"80e86872976368d4d76a3a3000795f012fd1ac84","MachineName":"BATTLER-PC","Log4NetLevel":"INFO ","HttpRequestId":"b673a71a-8832-4629-80ac-6106bccda9cb","HttpRequestNumber":1,"HttpSessionId":"0"}
{"@t":"2023-10-07T13:44:24.9314560Z","@mt":"The Delivery API is not enabled, no indexing will performed for the Delivery API content index.","SourceContext":"Umbraco.Cms.Infrastructure.Examine.DeliveryApiContentIndexPopulator","ProcessId":15224,"ProcessName":"iisexpress","ThreadId":8,"ApplicationId":"80e86872976368d4d76a3a3000795f012fd1ac84","MachineName":"BATTLER-PC","Log4NetLevel":"INFO "}
{"@t":"2023-10-07T14:18:33.2910013Z","@mt":"User logged will be logged out due to timeout: {Username}, IP Address: {IPAddress}","Username":"theyhyrik@gmail.com","IPAddress":"::1","SourceContext":"Umbraco.Cms.Web.BackOffice.Controllers.AuthenticationController","ActionId":"a1bd3aae-c778-4cf5-a6f7-7179a3171afa","ActionName":"Umbraco.Cms.Web.BackOffice.Controllers.AuthenticationController.GetRemainingTimeoutSeconds (Umbraco.Web.BackOffice)","RequestId":"8000001a-0001-ee00-b63f-84710c7967bb","RequestPath":"/umbraco/backoffice/umbracoapi/authentication/GetRemainingTimeoutSeconds","ProcessId":15224,"ProcessName":"iisexpress","ThreadId":76,"ApplicationId":"80e86872976368d4d76a3a3000795f012fd1ac84","MachineName":"BATTLER-PC","Log4NetLevel":"INFO ","HttpRequestId":"a0c9b11e-74ba-4f28-806c-971b9d04a684","HttpRequestNumber":2,"HttpSessionId":"cf80f315-8907-a041-b564-36679c4d5275"}
{"@t":"2023-10-07T16:40:40.2574029Z","@mt":"Acquiring MainDom.","SourceContext":"Umbraco.Cms.Core.Runtime.MainDom","ProcessId":5904,"ProcessName":"iisexpress","ThreadId":1,"ApplicationId":"80e86872976368d4d76a3a3000795f012fd1ac84","MachineName":"BATTLER-PC","Log4NetLevel":"INFO "}
{"@t":"2023-10-07T16:40:40.2794601Z","@mt":"Acquired MainDom.","SourceContext":"Umbraco.Cms.Core.Runtime.MainDom","ProcessId":5904,"ProcessName":"iisexpress","ThreadId":1,"ApplicationId":"80e86872976368d4d76a3a3000795f012fd1ac84","MachineName":"BATTLER-PC","Log4NetLevel":"INFO "}
{"@t":"2023-10-07T16:40:41.4982419Z","@mt":"Application started. Press Ctrl+C to shut down.","SourceContext":"Microsoft.Hosting.Lifetime","ProcessId":5904,"ProcessName":"iisexpress","ThreadId":1,"ApplicationId":"80e86872976368d4d76a3a3000795f012fd1ac84","MachineName":"BATTLER-PC","Log4NetLevel":"INFO "}
{"@t":"2023-10-07T16:40:41.4984986Z","@mt":"Hosting environment: {EnvName}","EnvName":"Development","SourceContext":"Microsoft.Hosting.Lifetime","ProcessId":5904,"ProcessName":"iisexpress","ThreadId":1,"ApplicationId":"80e86872976368d4d76a3a3000795f012fd1ac84","MachineName":"BATTLER-PC","Log4NetLevel":"INFO "}
{"@t":"2023-10-07T16:40:41.4986351Z","@mt":"Content root path: {ContentRoot}","ContentRoot":"E:\\Umbraco Test\\UmbracoMekashronApplication","SourceContext":"Microsoft.Hosting.Lifetime","ProcessId":5904,"ProcessName":"iisexpress","ThreadId":1,"ApplicationId":"80e86872976368d4d76a3a3000795f012fd1ac84","MachineName":"BATTLER-PC","Log4NetLevel":"INFO "}
{"@t":"2023-10-07T16:40:41.9586578Z","@mt":"Registered with MainDom, localContentDbExists? {LocalContentDbExists}, localMediaDbExists? {LocalMediaDbExists}","LocalContentDbExists":true,"LocalMediaDbExists":true,"SourceContext":"Umbraco.Cms.Infrastructure.PublishedCache.PublishedSnapshotService","RequestId":"80000004-0001-e800-b63f-84710c7967bb","RequestPath":"/","ProcessId":5904,"ProcessName":"iisexpress","ThreadId":16,"ApplicationId":"80e86872976368d4d76a3a3000795f012fd1ac84","MachineName":"BATTLER-PC","Log4NetLevel":"INFO ","HttpRequestId":"a892834a-5f0c-4314-9aba-3b2f30f1ca9a","HttpRequestNumber":1,"HttpSessionId":"0"}
{"@t":"2023-10-07T16:40:41.9622912Z","@mt":"Creating the content store, localContentDbExists? {LocalContentDbExists}","LocalContentDbExists":true,"SourceContext":"Umbraco.Cms.Infrastructure.PublishedCache.PublishedSnapshotService","RequestId":"80000004-0001-e800-b63f-84710c7967bb","RequestPath":"/","ProcessId":5904,"ProcessName":"iisexpress","ThreadId":16,"ApplicationId":"80e86872976368d4d76a3a3000795f012fd1ac84","MachineName":"BATTLER-PC","Log4NetLevel":"INFO ","HttpRequestId":"a892834a-5f0c-4314-9aba-3b2f30f1ca9a","HttpRequestNumber":1,"HttpSessionId":"0"}
{"@t":"2023-10-07T16:40:41.9637700Z","@mt":"Creating the media store, localMediaDbExists? {LocalMediaDbExists}","LocalMediaDbExists":true,"SourceContext":"Umbraco.Cms.Infrastructure.PublishedCache.PublishedSnapshotService","RequestId":"80000004-0001-e800-b63f-84710c7967bb","RequestPath":"/","ProcessId":5904,"ProcessName":"iisexpress","ThreadId":16,"ApplicationId":"80e86872976368d4d76a3a3000795f012fd1ac84","MachineName":"BATTLER-PC","Log4NetLevel":"INFO ","HttpRequestId":"a892834a-5f0c-4314-9aba-3b2f30f1ca9a","HttpRequestNumber":1,"HttpSessionId":"0"}
{"@t":"2023-10-07T16:40:42.2868433Z","@mt":"{StartMessage} [Timing {TimingId}]","StartMessage":"Loading content from local cache file","TimingId":"96abd17","SourceContext":"Umbraco.Cms.Core.Logging.ProfilingLogger","RequestId":"80000004-0001-e800-b63f-84710c7967bb","RequestPath":"/","ProcessId":5904,"ProcessName":"iisexpress","ThreadId":16,"ApplicationId":"80e86872976368d4d76a3a3000795f012fd1ac84","MachineName":"BATTLER-PC","Log4NetLevel":"INFO ","HttpRequestId":"a892834a-5f0c-4314-9aba-3b2f30f1ca9a","HttpRequestNumber":1,"HttpSessionId":"0"}
{"@t":"2023-10-07T16:40:42.3163862Z","@mt":"{EndMessage} ({Duration}ms) [Timing {TimingId}]","EndMessage":"Completed.","Duration":29,"TimingId":"96abd17","SourceContext":"Umbraco.Cms.Core.Logging.ProfilingLogger","RequestId":"80000004-0001-e800-b63f-84710c7967bb","RequestPath":"/","ProcessId":5904,"ProcessName":"iisexpress","ThreadId":16,"ApplicationId":"80e86872976368d4d76a3a3000795f012fd1ac84","MachineName":"BATTLER-PC","Log4NetLevel":"INFO ","HttpRequestId":"a892834a-5f0c-4314-9aba-3b2f30f1ca9a","HttpRequestNumber":1,"HttpSessionId":"0"}
{"@t":"2023-10-07T16:40:42.3220107Z","@mt":"{StartMessage} [Timing {TimingId}]","StartMessage":"Loading media from local cache file","TimingId":"5da0779","SourceContext":"Umbraco.Cms.Core.Logging.ProfilingLogger","RequestId":"80000004-0001-e800-b63f-84710c7967bb","RequestPath":"/","ProcessId":5904,"ProcessName":"iisexpress","ThreadId":16,"ApplicationId":"80e86872976368d4d76a3a3000795f012fd1ac84","MachineName":"BATTLER-PC","Log4NetLevel":"INFO ","HttpRequestId":"a892834a-5f0c-4314-9aba-3b2f30f1ca9a","HttpRequestNumber":1,"HttpSessionId":"0"}
{"@t":"2023-10-07T16:40:42.3251646Z","@mt":"Tried to load {entityType} from the local cache file but it was empty.","entityType":"media","SourceContext":"Umbraco.Cms.Infrastructure.PublishedCache.PublishedSnapshotService","RequestId":"80000004-0001-e800-b63f-84710c7967bb","RequestPath":"/","ProcessId":5904,"ProcessName":"iisexpress","ThreadId":16,"ApplicationId":"80e86872976368d4d76a3a3000795f012fd1ac84","MachineName":"BATTLER-PC","Log4NetLevel":"INFO ","HttpRequestId":"a892834a-5f0c-4314-9aba-3b2f30f1ca9a","HttpRequestNumber":1,"HttpSessionId":"0"}
{"@t":"2023-10-07T16:40:42.3254898Z","@mt":"{EndMessage} ({Duration}ms) [Timing {TimingId}]","EndMessage":"Completed.","Duration":3,"TimingId":"5da0779","SourceContext":"Umbraco.Cms.Core.Logging.ProfilingLogger","RequestId":"80000004-0001-e800-b63f-84710c7967bb","RequestPath":"/","ProcessId":5904,"ProcessName":"iisexpress","ThreadId":16,"ApplicationId":"80e86872976368d4d76a3a3000795f012fd1ac84","MachineName":"BATTLER-PC","Log4NetLevel":"INFO ","HttpRequestId":"a892834a-5f0c-4314-9aba-3b2f30f1ca9a","HttpRequestNumber":1,"HttpSessionId":"0"}
{"@t":"2023-10-07T16:40:42.3260707Z","@mt":"Loading media from local db raised warnings, will reload from database.","@l":"Warning","SourceContext":"Umbraco.Cms.Infrastructure.PublishedCache.PublishedSnapshotService","RequestId":"80000004-0001-e800-b63f-84710c7967bb","RequestPath":"/","ProcessId":5904,"ProcessName":"iisexpress","ThreadId":16,"ApplicationId":"80e86872976368d4d76a3a3000795f012fd1ac84","MachineName":"BATTLER-PC","Log4NetLevel":"WARN ","HttpRequestId":"a892834a-5f0c-4314-9aba-3b2f30f1ca9a","HttpRequestNumber":1,"HttpSessionId":"0"}
{"@t":"2023-10-07T16:40:42.3285342Z","@mt":"{StartMessage} [Timing {TimingId}]","StartMessage":"Loading media from database","TimingId":"f1424ed","SourceContext":"Umbraco.Cms.Core.Logging.ProfilingLogger","RequestId":"80000004-0001-e800-b63f-84710c7967bb","RequestPath":"/","ProcessId":5904,"ProcessName":"iisexpress","ThreadId":16,"ApplicationId":"80e86872976368d4d76a3a3000795f012fd1ac84","MachineName":"BATTLER-PC","Log4NetLevel":"INFO ","HttpRequestId":"a892834a-5f0c-4314-9aba-3b2f30f1ca9a","HttpRequestNumber":1,"HttpSessionId":"0"}
{"@t":"2023-10-07T16:40:42.4690200Z","@mt":"{EndMessage} ({Duration}ms) [Timing {TimingId}]","EndMessage":"Completed.","Duration":140,"TimingId":"f1424ed","SourceContext":"Umbraco.Cms.Core.Logging.ProfilingLogger","RequestId":"80000004-0001-e800-b63f-84710c7967bb","RequestPath":"/","ProcessId":5904,"ProcessName":"iisexpress","ThreadId":16,"ApplicationId":"80e86872976368d4d76a3a3000795f012fd1ac84","MachineName":"BATTLER-PC","Log4NetLevel":"INFO ","HttpRequestId":"a892834a-5f0c-4314-9aba-3b2f30f1ca9a","HttpRequestNumber":1,"HttpSessionId":"0"}
{"@t":"2023-10-07T16:41:42.0798467Z","@mt":"The Delivery API is not enabled, no indexing will performed for the Delivery API content index.","SourceContext":"Umbraco.Cms.Infrastructure.Examine.DeliveryApiContentIndexPopulator","ProcessId":5904,"ProcessName":"iisexpress","ThreadId":22,"ApplicationId":"80e86872976368d4d76a3a3000795f012fd1ac84","MachineName":"BATTLER-PC","Log4NetLevel":"INFO "}
{"@t":"2023-10-07T16:54:04.7151226Z","@mt":"{StartMessage} [Timing {TimingId}]","StartMessage":"Loading content from database","TimingId":"52365df","SourceContext":"Umbraco.Cms.Core.Logging.ProfilingLogger","ActionId":"b9b9f840-146e-4bd8-85f3-c16e33629a13","ActionName":"Umbraco.Cms.Web.BackOffice.Controllers.ContentTypeController.PostSave (Umbraco.Web.BackOffice)","RequestId":"8000000f-0003-fa00-b63f-84710c7967bb","RequestPath":"/umbraco/backoffice/umbracoapi/contenttype/PostSave","ProcessId":5904,"ProcessName":"iisexpress","ThreadId":15,"ApplicationId":"80e86872976368d4d76a3a3000795f012fd1ac84","MachineName":"BATTLER-PC","Log4NetLevel":"INFO ","HttpRequestId":"ef559bf5-0fe6-41b6-8c43-2c8c2d05c4aa","HttpRequestNumber":2,"HttpSessionId":"0ae457f0-649c-914a-9a60-30743aa84eab"}
{"@t":"2023-10-07T16:54:04.7724900Z","@mt":"{EndMessage} ({Duration}ms) [Timing {TimingId}]","EndMessage":"Completed.","Duration":57,"TimingId":"52365df","SourceContext":"Umbraco.Cms.Core.Logging.ProfilingLogger","ActionId":"b9b9f840-146e-4bd8-85f3-c16e33629a13","ActionName":"Umbraco.Cms.Web.BackOffice.Controllers.ContentTypeController.PostSave (Umbraco.Web.BackOffice)","RequestId":"8000000f-0003-fa00-b63f-84710c7967bb","RequestPath":"/umbraco/backoffice/umbracoapi/contenttype/PostSave","ProcessId":5904,"ProcessName":"iisexpress","ThreadId":15,"ApplicationId":"80e86872976368d4d76a3a3000795f012fd1ac84","MachineName":"BATTLER-PC","Log4NetLevel":"INFO ","HttpRequestId":"ef559bf5-0fe6-41b6-8c43-2c8c2d05c4aa","HttpRequestNumber":2,"HttpSessionId":"0ae457f0-649c-914a-9a60-30743aa84eab"}
{"@t":"2023-10-07T16:54:04.7743667Z","@mt":"{StartMessage} [Timing {TimingId}]","StartMessage":"Loading media from database","TimingId":"940d4e1","SourceContext":"Umbraco.Cms.Core.Logging.ProfilingLogger","ActionId":"b9b9f840-146e-4bd8-85f3-c16e33629a13","ActionName":"Umbraco.Cms.Web.BackOffice.Controllers.ContentTypeController.PostSave (Umbraco.Web.BackOffice)","RequestId":"8000000f-0003-fa00-b63f-84710c7967bb","RequestPath":"/umbraco/backoffice/umbracoapi/contenttype/PostSave","ProcessId":5904,"ProcessName":"iisexpress","ThreadId":15,"ApplicationId":"80e86872976368d4d76a3a3000795f012fd1ac84","MachineName":"BATTLER-PC","Log4NetLevel":"INFO ","HttpRequestId":"ef559bf5-0fe6-41b6-8c43-2c8c2d05c4aa","HttpRequestNumber":2,"HttpSessionId":"0ae457f0-649c-914a-9a60-30743aa84eab"}
{"@t":"2023-10-07T16:54:04.8025281Z","@mt":"{EndMessage} ({Duration}ms) [Timing {TimingId}]","EndMessage":"Completed.","Duration":28,"TimingId":"940d4e1","SourceContext":"Umbraco.Cms.Core.Logging.ProfilingLogger","ActionId":"b9b9f840-146e-4bd8-85f3-c16e33629a13","ActionName":"Umbraco.Cms.Web.BackOffice.Controllers.ContentTypeController.PostSave (Umbraco.Web.BackOffice)","RequestId":"8000000f-0003-fa00-b63f-84710c7967bb","RequestPath":"/umbraco/backoffice/umbracoapi/contenttype/PostSave","ProcessId":5904,"ProcessName":"iisexpress","ThreadId":15,"ApplicationId":"80e86872976368d4d76a3a3000795f012fd1ac84","MachineName":"BATTLER-PC","Log4NetLevel":"INFO ","HttpRequestId":"ef559bf5-0fe6-41b6-8c43-2c8c2d05c4aa","HttpRequestNumber":2,"HttpSessionId":"0ae457f0-649c-914a-9a60-30743aa84eab"}
{"@t":"2023-10-07T16:54:04.8087518Z","@mt":"Adding examine event handlers for {RegisteredIndexers} index providers.","RegisteredIndexers":3,"SourceContext":"Umbraco.Cms.Infrastructure.Examine.ExamineUmbracoIndexingHandler","ActionId":"b9b9f840-146e-4bd8-85f3-c16e33629a13","ActionName":"Umbraco.Cms.Web.BackOffice.Controllers.ContentTypeController.PostSave (Umbraco.Web.BackOffice)","RequestId":"8000000f-0003-fa00-b63f-84710c7967bb","RequestPath":"/umbraco/backoffice/umbracoapi/contenttype/PostSave","ProcessId":5904,"ProcessName":"iisexpress","ThreadId":15,"ApplicationId":"80e86872976368d4d76a3a3000795f012fd1ac84","MachineName":"BATTLER-PC","Log4NetLevel":"INFO ","HttpRequestId":"ef559bf5-0fe6-41b6-8c43-2c8c2d05c4aa","HttpRequestNumber":2,"HttpSessionId":"0ae457f0-649c-914a-9a60-30743aa84eab"}
{"@t":"2023-10-07T16:54:31.7482883Z","@mt":"Document {ContentName} (id={ContentId}) has been published.","ContentName":"Login page content","ContentId":0,"SourceContext":"Umbraco.Cms.Core.Services.ContentService","ActionId":"429b92d2-7484-48e5-a362-7cdf706b08f5","ActionName":"Umbraco.Cms.Web.BackOffice.Controllers.ContentController.PostSave (Umbraco.Web.BackOffice)","RequestId":"80000035-0002-fa00-b63f-84710c7967bb","RequestPath":"/umbraco/backoffice/umbracoapi/content/PostSave","ProcessId":5904,"ProcessName":"iisexpress","ThreadId":4,"ApplicationId":"80e86872976368d4d76a3a3000795f012fd1ac84","MachineName":"BATTLER-PC","Log4NetLevel":"INFO ","HttpRequestId":"5d7dc773-3952-4806-8502-1b72e3e250e2","HttpRequestNumber":3,"HttpSessionId":"845dcd64-ddb5-cd9e-f960-58b6308ef45f"}
